ticker,event_date,status,trigger_z,exclusion_reason,direction,sector_index
360ONE,2026-04-21,DROPPED_NO_SECTOR_MAP,,,,
360ONE,2026-01-15,DROPPED_NO_SECTOR_MAP,,,,
360ONE,2025-10-17,DROPPED_NO_SECTOR_MAP,,,,
360ONE,2025-07-17,DROPPED_NO_SECTOR_MAP,,,,
360ONE,2025-04-23,DROPPED_PIT_MISS,,,,
360ONE,2025-01-27,DROPPED_PIT_MISS,,,,
ABB,2026-02-19,DROPPED_NO_SECTOR_MAP,,,,
ABB,2025-11-06,DROPPED_NO_SECTOR_MAP,,,,
ABB,2025-08-02,DROPPED_NO_SECTOR_MAP,,,,
ABB,2025-05-09,DROPPED_NO_SECTOR_MAP,,,,
ABB,2025-02-17,DROPPED_NO_SECTOR_MAP,,,,
ABB,2024-11-04,DROPPED_NO_SECTOR_MAP,,,,
ABCAPITAL,2026-02-03,DROPPED_NO_SECTOR_MAP,,,,
ABCAPITAL,2025-10-30,DROPPED_NO_SECTOR_MAP,,,,
ABCAPITAL,2025-08-04,DROPPED_NO_SECTOR_MAP,,,,
ABCAPITAL,2025-05-13,DROPPED_NO_SECTOR_MAP,,,,
ABCAPITAL,2025-02-03,DROPPED_NO_SECTOR_MAP,,,,
ADANIENSOL,2026-04-23,DROPPED_INSUFFICIENT_BASELINE,,,,
ADANIENSOL,2026-01-22,DROPPED_NO_TRIGGER,-0.6278470602457563,,,
ADANIENSOL,2025-10-27,DROPPED_NO_TRIGGER,-0.29000109015363923,,,
ADANIENSOL,2025-07-24,DROPPED_NO_TRIGGER,-0.3294952098053812,,,
ADANIENSOL,2025-04-24,DROPPED_NO_TRIGGER,-0.03374010693159043,,,
ADANIENSOL,2025-01-23,DROPPED_NO_TRIGGER,1.1310338925166834,,,
ADANIENT,2026-02-03,DROPPED_NO_SECTOR_MAP,,,,
ADANIENT,2025-11-04,DROPPED_NO_SECTOR_MAP,,,,
ADANIENT,2025-07-31,DROPPED_NO_SECTOR_MAP,,,,
ADANIENT,2025-05-01,DROPPED_NO_SECTOR_MAP,,,,
ADANIENT,2025-01-30,DROPPED_NO_SECTOR_MAP,,,,
ADANIGREEN,2026-04-24,DROPPED_INSUFFICIENT_BASELINE,,,,
ADANIGREEN,2026-01-23,DROPPED_NO_TRIGGER,-0.6537137630713592,,,
ADANIGREEN,2025-10-28,DROPPED_NO_TRIGGER,-0.0179097598904776,,,
ADANIGREEN,2025-07-28,DROPPED_NO_TRIGGER,0.23392963158460203,,,
ADANIGREEN,2025-04-28,DROPPED_NO_TRIGGER,-0.4802599607771901,,,
ADANIGREEN,2025-01-23,DROPPED_NO_TRIGGER,1.3162467998305016,,,
ADANIPORTS,2026-02-03,DROPPED_NO_SECTOR_MAP,,,,
ADANIPORTS,2025-11-04,DROPPED_NO_SECTOR_MAP,,,,
ADANIPORTS,2025-08-05,DROPPED_NO_SECTOR_MAP,,,,
ADANIPORTS,2025-05-01,DROPPED_NO_SECTOR_MAP,,,,
ADANIPORTS,2025-01-30,DROPPED_NO_SECTOR_MAP,,,,
ADANIPOWER,2026-01-29,DROPPED_PIT_MISS,,,,
ADANIPOWER,2025-10-30,DROPPED_PIT_MISS,,,,
ADANIPOWER,2025-08-01,DROPPED_PIT_MISS,,,,
ADANIPOWER,2025-04-30,DROPPED_PIT_MISS,,,,
ADANIPOWER,2025-01-29,DROPPED_PIT_MISS,,,,
ALKEM,2026-02-13,DROPPED_NO_TRIGGER,0.6543443397886253,,,
ALKEM,2025-11-13,DROPPED_NO_TRIGGER,0.6038585950813382,,,
ALKEM,2025-08-12,DROPPED_NO_TRIGGER,0.6153724959373895,,,
ALKEM,2025-05-29,DROPPED_NO_TRIGGER,0.45606561750594926,,,
ALKEM,2025-02-07,DROPPED_NO_TRIGGER,-0.5957946903945353,,,
ALKEM,2024-11-13,DROPPED_NO_TRIGGER,-0.3659389132439762,,,
AMBER,2026-02-09,DROPPED_NO_SECTOR_MAP,,,,
AMBER,2025-11-06,DROPPED_NO_SECTOR_MAP,,,,
AMBER,2025-07-29,DROPPED_NO_SECTOR_MAP,,,,
AMBER,2025-05-17,DROPPED_PIT_MISS,,,,
AMBER,2025-01-23,DROPPED_PIT_MISS,,,,
AMBUJACEM,2026-01-30,DROPPED_NO_SECTOR_MAP,,,,
AMBUJACEM,2025-11-03,DROPPED_NO_SECTOR_MAP,,,,
AMBUJACEM,2025-07-31,DROPPED_NO_SECTOR_MAP,,,,
AMBUJACEM,2025-04-29,DROPPED_NO_SECTOR_MAP,,,,
AMBUJACEM,2025-01-29,DROPPED_NO_SECTOR_MAP,,,,
ANGELONE,2026-01-15,DROPPED_NO_SECTOR_MAP,,,,
ANGELONE,2025-10-15,DROPPED_NO_SECTOR_MAP,,,,
ANGELONE,2025-07-16,DROPPED_NO_SECTOR_MAP,,,,
ANGELONE,2025-04-16,DROPPED_NO_SECTOR_MAP,,,,
ANGELONE,2025-01-13,DROPPED_NO_SECTOR_MAP,,,,
APLAPOLLO,2026-01-22,DROPPED_NO_TRIGGER,-0.16351209649377976,,,
APLAPOLLO,2025-10-29,DROPPED_NO_TRIGGER,0.3515196849627005,,,
APLAPOLLO,2025-07-24,DROPPED_NO_TRIGGER,-0.922753534963318,,,
APLAPOLLO,2025-05-07,DROPPED_NO_TRIGGER,0.16742382171117365,,,
APLAPOLLO,2025-01-20,DROPPED_NO_TRIGGER,0.5296131430900567,,,
APOLLOHOSP,2026-02-10,DROPPED_NO_TRIGGER,-0.1649715210354754,,,
APOLLOHOSP,2025-11-06,DROPPED_NO_TRIGGER,0.24790832978451846,,,
APOLLOHOSP,2025-08-12,EXCLUDED_MACRO,-1.917874025525912,SECTOR_T1,,
APOLLOHOSP,2025-05-30,DROPPED_NO_TRIGGER,0.33638032534376966,,,
APOLLOHOSP,2025-02-10,DROPPED_NO_TRIGGER,-1.4161706305400352,,,
ASHOKLEY,2026-02-11,DROPPED_NO_TRIGGER,-0.5622178035326405,,,
ASHOKLEY,2025-11-12,DROPPED_NO_TRIGGER,0.14604383948483388,,,
ASHOKLEY,2025-08-14,DROPPED_NO_TRIGGER,-1.1547429541019412,,,
ASHOKLEY,2025-05-23,DROPPED_NO_TRIGGER,0.2736846347924463,,,
ASHOKLEY,2025-02-12,DROPPED_NO_TRIGGER,-0.12671647941555314,,,
ASHOKLEY,2024-11-08,DROPPED_NO_TRIGGER,-0.6857285644126339,,,
ASIANPAINT,2026-01-27,DROPPED_NO_SECTOR_MAP,,,,
ASIANPAINT,2025-11-12,DROPPED_NO_SECTOR_MAP,,,,
ASIANPAINT,2025-07-29,DROPPED_NO_SECTOR_MAP,,,,
ASIANPAINT,2025-05-08,DROPPED_NO_SECTOR_MAP,,,,
ASIANPAINT,2025-02-04,DROPPED_NO_SECTOR_MAP,,,,
ASIANPAINT,2024-11-09,DROPPED_NO_SECTOR_MAP,,,,
ASTRAL,2026-02-05,DROPPED_NO_SECTOR_MAP,,,,
ASTRAL,2025-11-05,DROPPED_NO_SECTOR_MAP,,,,
ASTRAL,2025-08-11,DROPPED_NO_SECTOR_MAP,,,,
ASTRAL,2025-05-21,DROPPED_NO_SECTOR_MAP,,,,
ASTRAL,2025-01-30,DROPPED_NO_SECTOR_MAP,,,,
ASTRAL,2024-11-07,DROPPED_NO_SECTOR_MAP,,,,
AUBANK,2026-01-20,DROPPED_NO_TRIGGER,-1.2024799556718602,,,
AUBANK,2025-10-17,DROPPED_NO_TRIGGER,-0.32811148957330555,,,
AUBANK,2025-07-19,DROPPED_INSUFFICIENT_BASELINE,,,,
AUBANK,2025-04-22,DROPPED_NO_TRIGGER,-0.43884631606151403,,,
AUBANK,2025-01-24,DROPPED_NO_TRIGGER,0.8203515194253943,,,
AUROPHARMA,2026-02-09,CANDIDATE,2.217134522747314,,LONG,NIFTYPHARMA
AUROPHARMA,2025-11-05,DROPPED_INSUFFICIENT_BASELINE,,,,
AUROPHARMA,2025-08-04,DROPPED_NO_TRIGGER,0.6061119448906959,,,
AUROPHARMA,2025-05-26,DROPPED_NO_TRIGGER,-0.6740541701649538,,,
AUROPHARMA,2025-02-06,DROPPED_NO_TRIGGER,-1.382303387511299,,,
AUROPHARMA,2024-11-09,DROPPED_INSUFFICIENT_BASELINE,,,,
AXISBANK,2026-04-25,DROPPED_INSUFFICIENT_BASELINE,,,,
AXISBANK,2026-01-26,DROPPED_INSUFFICIENT_BASELINE,,,,
AXISBANK,2025-10-15,DROPPED_NO_TRIGGER,-0.3897942089500441,,,
AXISBANK,2025-07-17,DROPPED_NO_TRIGGER,0.1371349081986014,,,
AXISBANK,2025-04-24,DROPPED_NO_TRIGGER,1.4495216083016955,,,
AXISBANK,2025-01-16,CANDIDATE,1.5808410546708822,,LONG,BANKNIFTY
BAJAJ-AUTO,2026-01-30,DROPPED_NO_SECTOR_MAP,,,,
BAJAJ-AUTO,2025-11-07,DROPPED_NO_SECTOR_MAP,,,,
BAJAJ-AUTO,2025-08-06,DROPPED_NO_SECTOR_MAP,,,,
BAJAJ-AUTO,2025-05-29,DROPPED_NO_SECTOR_MAP,,,,
BAJAJ-AUTO,2025-01-28,DROPPED_NO_SECTOR_MAP,,,,
BAJAJFINSV,2026-02-04,DROPPED_NO_SECTOR_MAP,,,,
BAJAJFINSV,2025-11-11,DROPPED_NO_SECTOR_MAP,,,,
BAJAJFINSV,2025-07-25,DROPPED_NO_SECTOR_MAP,,,,
BAJAJFINSV,2025-04-29,DROPPED_NO_SECTOR_MAP,,,,
BAJAJFINSV,2025-01-30,DROPPED_NO_SECTOR_MAP,,,,
BAJAJHLDNG,2026-02-04,DROPPED_NO_SECTOR_MAP,,,,
BAJAJHLDNG,2025-11-11,DROPPED_PIT_MISS,,,,
BAJAJHLDNG,2025-08-06,DROPPED_PIT_MISS,,,,
BAJAJHLDNG,2025-05-30,DROPPED_PIT_MISS,,,,
BAJAJHLDNG,2025-01-30,DROPPED_PIT_MISS,,,,
BAJFINANCE,2026-02-03,DROPPED_NO_SECTOR_MAP,,,,
BAJFINANCE,2025-11-10,DROPPED_NO_SECTOR_MAP,,,,
BAJFINANCE,2025-07-24,DROPPED_NO_SECTOR_MAP,,,,
BAJFINANCE,2025-04-29,DROPPED_NO_SECTOR_MAP,,,,
BAJFINANCE,2025-01-29,DROPPED_NO_SECTOR_MAP,,,,
BANDHANBNK,2026-01-22,DROPPED_NO_TRIGGER,0.3227380705172574,,,
BANDHANBNK,2025-10-30,DROPPED_NO_TRIGGER,0.3909682430746228,,,
BANDHANBNK,2025-07-18,DROPPED_NO_TRIGGER,0.7057414618469176,,,
BANDHANBNK,2025-04-30,DROPPED_NO_TRIGGER,0.506559896245882,,,
BANDHANBNK,2025-01-31,DROPPED_NO_TRIGGER,1.0111202891016087,,,
BANKBARODA,2026-01-30,DROPPED_NO_TRIGGER,-0.16437623281405805,,,
BANKBARODA,2025-10-31,DROPPED_NO_TRIGGER,-0.5823375334158779,,,
BANKBARODA,2025-07-25,DROPPED_NO_TRIGGER,0.04471376583304356,,,
BANKBARODA,2025-05-06,DROPPED_NO_TRIGGER,0.7350026494579229,,,
BANKBARODA,2025-01-30,DROPPED_NO_TRIGGER,0.12801985142877695,,,
BANKINDIA,2026-01-21,DROPPED_NO_TRIGGER,0.43540732127326187,,,
BANKINDIA,2025-10-17,DROPPED_NO_TRIGGER,-1.2131298576279141,,,
BANKINDIA,2025-07-29,DROPPED_NO_TRIGGER,0.3439594340662618,,,
BANKINDIA,2025-05-09,DROPPED_NO_TRIGGER,-0.9806484603672658,,,
BANKINDIA,2025-01-24,DROPPED_NO_TRIGGER,0.7437223562310372,,,
BANKINDIA,2024-11-11,DROPPED_PIT_MISS,,,,
BDL,2026-01-31,DROPPED_NO_SECTOR_MAP,,,,
BDL,2025-11-13,DROPPED_NO_SECTOR_MAP,,,,
BDL,2025-08-12,DROPPED_NO_SECTOR_MAP,,,,
BDL,2025-05-27,DROPPED_PIT_MISS,,,,
BDL,2025-02-06,DROPPED_PIT_MISS,,,,
BDL,2024-11-14,DROPPED_PIT_MISS,,,,
BEL,2026-01-28,DROPPED_NO_SECTOR_MAP,,,,
BEL,2025-10-31,DROPPED_NO_SECTOR_MAP,,,,
BEL,2025-07-28,DROPPED_NO_SECTOR_MAP,,,,
BEL,2025-05-19,DROPPED_NO_SECTOR_MAP,,,,
BEL,2025-01-30,DROPPED_NO_SECTOR_MAP,,,,
BHARATFORG,2026-02-12,EXCLUDED_MACRO,1.8495338018641185,SECTOR_T1,,
BHARATFORG,2025-11-11,DROPPED_NO_TRIGGER,1.2081928055642968,,,
BHARATFORG,2025-08-06,DROPPED_NO_TRIGGER,-0.16946764017239951,,,
BHARATFORG,2025-05-08,DROPPED_NO_TRIGGER,0.427418956217214,,,
BHARATFORG,2025-02-12,DROPPED_NO_TRIGGER,-0.7734156692824529,,,
BHARATFORG,2024-11-14,DROPPED_NO_TRIGGER,-0.6227573325256985,,,
BHARTIARTL,2026-02-05,DROPPED_NO_SECTOR_MAP,,,,
BHARTIARTL,2025-11-03,DROPPED_NO_SECTOR_MAP,,,,
BHARTIARTL,2025-08-05,DROPPED_NO_SECTOR_MAP,,,,
BHARTIARTL,2025-05-13,DROPPED_NO_SECTOR_MAP,,,,
BHARTIARTL,2025-02-06,DROPPED_NO_SECTOR_MAP,,,,
BHEL,2026-01-19,DROPPED_NO_SECTOR_MAP,,,,
BHEL,2025-10-29,DROPPED_NO_SECTOR_MAP,,,,
BHEL,2025-08-06,DROPPED_NO_SECTOR_MAP,,,,
BHEL,2025-05-16,DROPPED_NO_SECTOR_MAP,,,,
BHEL,2025-01-28,DROPPED_NO_SECTOR_MAP,,,,
BIOCON,2026-02-12,DROPPED_NO_TRIGGER,-0.5733668733310026,,,
BIOCON,2025-11-11,DROPPED_NO_TRIGGER,0.6786832827173849,,,
BIOCON,2025-08-07,DROPPED_NO_TRIGGER,0.5916756724101108,,,
BIOCON,2025-05-08,EXCLUDED_MACRO,1.5312285862797805,SECTOR_T,,
BIOCON,2025-01-30,DROPPED_NO_TRIGGER,-0.23838626191038206,,,
BLUESTARCO,2026-01-29,DROPPED_NO_SECTOR_MAP,,,,
BLUESTARCO,2025-11-05,DROPPED_NO_SECTOR_MAP,,,,
BLUESTARCO,2025-08-06,DROPPED_NO_SECTOR_MAP,,,,
BLUESTARCO,2025-05-07,DROPPED_PIT_MISS,,,,
BLUESTARCO,2025-01-29,DROPPED_PIT_MISS,,,,
BLUESTARCO,2024-11-06,DROPPED_PIT_MISS,,,,
BOSCHLTD,2026-02-06,DROPPED_NO_TRIGGER,-0.11820582381646674,,,
BOSCHLTD,2025-11-11,DROPPED_NO_TRIGGER,0.024162854119733568,,,
BOSCHLTD,2025-08-04,EXCLUDED_MACRO,1.7635211238661757,SECTOR_T,,
BOSCHLTD,2025-05-27,DROPPED_NO_TRIGGER,-0.6175225579260302,,,
BOSCHLTD,2025-01-28,DROPPED_NO_TRIGGER,1.1193021582441156,,,
BOSCHLTD,2024-11-12,DROPPED_NO_TRIGGER,0.28211883781333524,,,
BPCL,2026-01-23,DROPPED_NO_TRIGGER,1.1332392898127384,,,
BPCL,2025-10-31,DROPPED_NO_TRIGGER,0.44622197546424924,,,
BPCL,2025-08-13,DROPPED_NO_TRIGGER,0.1549195587010778,,,
BPCL,2025-04-29,DROPPED_NO_TRIGGER,-0.7284116710037776,,,
BPCL,2025-01-22,DROPPED_NO_TRIGGER,0.6240648780623252,,,
BRITANNIA,2026-02-10,DROPPED_NO_TRIGGER,0.898918720434393,,,
BRITANNIA,2025-11-05,DROPPED_INSUFFICIENT_BASELINE,,,,
BRITANNIA,2025-08-05,DROPPED_NO_TRIGGER,-0.6392962550013312,,,
BRITANNIA,2025-05-08,DROPPED_NO_TRIGGER,-0.8102541013823193,,,
BRITANNIA,2025-02-06,CANDIDATE,-1.7179775577061511,,SHORT,NIFTYFMCG
BRITANNIA,2024-11-11,DROPPED_NO_TRIGGER,-0.00099322902635848,,,
BSE,2026-02-09,DROPPED_NO_SECTOR_MAP,,,,
BSE,2025-11-11,DROPPED_NO_SECTOR_MAP,,,,
BSE,2024-11-12,DROPPED_PIT_MISS,,,,
CAMS,2026-01-22,DROPPED_NO_SECTOR_MAP,,,,
CAMS,2025-10-28,DROPPED_NO_SECTOR_MAP,,,,
CAMS,2025-07-30,DROPPED_NO_SECTOR_MAP,,,,
CAMS,2025-05-05,DROPPED_NO_SECTOR_MAP,,,,
CAMS,2025-01-29,DROPPED_NO_SECTOR_MAP,,,,
CANBK,2026-01-29,DROPPED_NO_TRIGGER,-0.03807106125983644,,,
CANBK,2025-10-30,DROPPED_NO_TRIGGER,-0.7871749394937347,,,
CANBK,2025-07-24,DROPPED_NO_TRIGGER,-1.0003240493271788,,,
CANBK,2025-05-08,DROPPED_NO_TRIGGER,0.04894368866142432,,,
CANBK,2025-01-27,DROPPED_NO_TRIGGER,0.4722786963996034,,,
CDSL,2026-01-31,DROPPED_NO_SECTOR_MAP,,,,
CDSL,2025-11-01,DROPPED_NO_SECTOR_MAP,,,,
CDSL,2025-07-26,DROPPED_NO_SECTOR_MAP,,,,
CDSL,2025-05-03,DROPPED_NO_SECTOR_MAP,,,,
CDSL,2025-01-25,DROPPED_NO_SECTOR_MAP,,,,
CGPOWER,2026-01-27,DROPPED_NO_SECTOR_MAP,,,,
CGPOWER,2025-10-29,DROPPED_NO_SECTOR_MAP,,,,
CGPOWER,2025-07-24,DROPPED_NO_SECTOR_MAP,,,,
CGPOWER,2025-05-06,DROPPED_NO_SECTOR_MAP,,,,
CGPOWER,2025-01-28,DROPPED_NO_SECTOR_MAP,,,,
CHOLAFIN,2026-01-30,DROPPED_NO_SECTOR_MAP,,,,
CHOLAFIN,2025-11-06,DROPPED_NO_SECTOR_MAP,,,,
CHOLAFIN,2025-07-31,DROPPED_NO_SECTOR_MAP,,,,
CHOLAFIN,2025-04-25,DROPPED_NO_SECTOR_MAP,,,,
CHOLAFIN,2025-01-31,DROPPED_NO_SECTOR_MAP,,,,
CIPLA,2026-01-23,DROPPED_NO_TRIGGER,-0.9522578169431546,,,
CIPLA,2025-10-30,DROPPED_NO_TRIGGER,0.16091264988107903,,,
CIPLA,2025-07-25,DROPPED_NO_TRIGGER,-0.28799671612932165,,,
CIPLA,2025-05-13,DROPPED_NO_TRIGGER,-0.676777618846121,,,
CIPLA,2025-01-28,DROPPED_NO_TRIGGER,-0.3736628656994428,,,
COALINDIA,2026-02-12,EXCLUDED_MACRO,-3.014286940824748,SECTOR_T1,,
COALINDIA,2025-10-29,DROPPED_NO_TRIGGER,0.21929123960206665,,,
COALINDIA,2025-07-31,DROPPED_NO_TRIGGER,0.19530888253259615,,,
COALINDIA,2025-05-07,DROPPED_NO_TRIGGER,0.49283190368820246,,,
COALINDIA,2025-01-27,DROPPED_NO_TRIGGER,0.6256296630304886,,,
COCHINSHIP,2026-01-28,DROPPED_PIT_MISS,,,,
COCHINSHIP,2025-11-12,DROPPED_PIT_MISS,,,,
COCHINSHIP,2025-08-12,DROPPED_PIT_MISS,,,,
COCHINSHIP,2025-05-15,DROPPED_PIT_MISS,,,,
COCHINSHIP,2025-02-06,DROPPED_PIT_MISS,,,,
COCHINSHIP,2024-11-07,DROPPED_PIT_MISS,,,,
COFORGE,2026-01-22,DROPPED_NO_TRIGGER,0.19757073121497337,,,
COFORGE,2025-10-24,DROPPED_NO_TRIGGER,0.39657421072586907,,,
COFORGE,2025-07-23,DROPPED_NO_TRIGGER,-0.5509306066047102,,,
COFORGE,2025-05-05,DROPPED_NO_TRIGGER,1.0404288120587564,,,
COFORGE,2025-01-22,EXCLUDED_MACRO,-1.818247386064934,SECTOR_T,,
COLPAL,2026-01-29,CANDIDATE,2.030345327159576,,LONG,NIFTYFMCG
COLPAL,2025-10-23,DROPPED_NO_TRIGGER,0.6052042491140337,,,
COLPAL,2025-07-22,CANDIDATE,-1.5558504471671002,,SHORT,NIFTYFMCG
COLPAL,2025-05-21,DROPPED_NO_TRIGGER,0.5229556509704396,,,
COLPAL,2025-01-28,DROPPED_NO_TRIGGER,0.7992067446415694,,,
CONCOR,2026-01-29,DROPPED_NO_SECTOR_MAP,,,,
CONCOR,2025-11-11,DROPPED_NO_SECTOR_MAP,,,,
CONCOR,2025-08-05,DROPPED_NO_SECTOR_MAP,,,,
CONCOR,2025-05-22,DROPPED_NO_SECTOR_MAP,,,,
CONCOR,2025-01-30,DROPPED_NO_SECTOR_MAP,,,,
CROMPTON,2026-02-06,DROPPED_NO_SECTOR_MAP,,,,
CROMPTON,2025-11-06,DROPPED_NO_SECTOR_MAP,,,,
CROMPTON,2025-08-07,DROPPED_NO_SECTOR_MAP,,,,
CROMPTON,2025-05-15,DROPPED_NO_SECTOR_MAP,,,,
CROMPTON,2025-02-12,DROPPED_NO_SECTOR_MAP,,,,
CROMPTON,2024-11-14,DROPPED_NO_SECTOR_MAP,,,,
CUMMINSIND,2026-02-04,DROPPED_NO_TRIGGER,-0.20674181901836525,,,
CUMMINSIND,2025-11-06,DROPPED_NO_TRIGGER,0.9894240162952123,,,
CUMMINSIND,2025-08-07,DROPPED_NO_TRIGGER,-0.14985735718557702,,,
CUMMINSIND,2025-05-28,DROPPED_NO_TRIGGER,-0.9593996638049631,,,
CUMMINSIND,2025-02-05,DROPPED_NO_TRIGGER,-0.7507783026098263,,,
CUMMINSIND,2024-11-07,DROPPED_NO_TRIGGER,0.5352458238748803,,,
DABUR,2026-01-29,DROPPED_NO_TRIGGER,0.34252415042348733,,,
DABUR,2025-10-30,DROPPED_NO_TRIGGER,0.5488754201719139,,,
DABUR,2025-07-31,CANDIDATE,2.0528664409063193,,LONG,NIFTYFMCG
DABUR,2025-05-07,DROPPED_NO_TRIGGER,0.40128184763675107,,,
DABUR,2025-01-30,DROPPED_NO_TRIGGER,1.0025579495451722,,,
DALBHARAT,2026-01-21,DROPPED_NO_SECTOR_MAP,,,,
DALBHARAT,2025-10-17,DROPPED_NO_SECTOR_MAP,,,,
DALBHARAT,2025-07-22,DROPPED_NO_SECTOR_MAP,,,,
DALBHARAT,2025-04-23,DROPPED_NO_SECTOR_MAP,,,,
DALBHARAT,2025-01-21,DROPPED_NO_SECTOR_MAP,,,,
DELHIVERY,2026-01-31,DROPPED_NO_SECTOR_MAP,,,,
DELHIVERY,2025-11-05,DROPPED_NO_SECTOR_MAP,,,,
DELHIVERY,2025-08-01,DROPPED_NO_SECTOR_MAP,,,,
DELHIVERY,2025-05-16,DROPPED_NO_SECTOR_MAP,,,,
DELHIVERY,2025-02-07,DROPPED_NO_SECTOR_MAP,,,,
DELHIVERY,2024-11-14,DROPPED_PIT_MISS,,,,
DIVISLAB,2026-02-11,DROPPED_NO_SECTOR_MAP,,,,
DIVISLAB,2025-11-07,DROPPED_NO_SECTOR_MAP,,,,
DIVISLAB,2025-08-06,DROPPED_NO_SECTOR_MAP,,,,
DIVISLAB,2025-05-17,DROPPED_NO_SECTOR_MAP,,,,
DIVISLAB,2025-02-03,DROPPED_NO_SECTOR_MAP,,,,
DIVISLAB,2024-11-09,DROPPED_NO_SECTOR_MAP,,,,
DIXON,2026-01-29,DROPPED_NO_SECTOR_MAP,,,,
DIXON,2025-10-17,DROPPED_NO_SECTOR_MAP,,,,
DIXON,2025-07-22,DROPPED_NO_SECTOR_MAP,,,,
DIXON,2025-05-20,DROPPED_NO_SECTOR_MAP,,,,
DIXON,2025-01-20,DROPPED_NO_SECTOR_MAP,,,,
DLF,2026-01-22,DROPPED_NO_SECTOR_MAP,,,,
DLF,2025-10-30,DROPPED_NO_SECTOR_MAP,,,,
DLF,2025-08-04,DROPPED_NO_SECTOR_MAP,,,,
DLF,2025-05-19,DROPPED_NO_SECTOR_MAP,,,,
DLF,2025-01-24,DROPPED_NO_SECTOR_MAP,,,,
DMART,2026-01-10,DROPPED_NO_SECTOR_MAP,,,,
DMART,2025-10-11,DROPPED_NO_SECTOR_MAP,,,,
DMART,2025-07-11,DROPPED_NO_SECTOR_MAP,,,,
DMART,2025-05-03,DROPPED_NO_SECTOR_MAP,,,,
DMART,2025-01-11,DROPPED_NO_SECTOR_MAP,,,,
DRREDDY,2026-01-21,DROPPED_NO_SECTOR_MAP,,,,
DRREDDY,2025-10-24,DROPPED_NO_SECTOR_MAP,,,,
DRREDDY,2025-07-23,DROPPED_NO_SECTOR_MAP,,,,
DRREDDY,2025-05-09,DROPPED_NO_SECTOR_MAP,,,,
DRREDDY,2025-01-23,DROPPED_NO_SECTOR_MAP,,,,
DRREDDY,2024-11-05,DROPPED_NO_SECTOR_MAP,,,,
EICHERMOT,2026-02-10,DROPPED_NO_SECTOR_MAP,,,,
EICHERMOT,2025-11-13,DROPPED_NO_SECTOR_MAP,,,,
EICHERMOT,2025-07-31,DROPPED_NO_SECTOR_MAP,,,,
EICHERMOT,2025-05-14,DROPPED_NO_SECTOR_MAP,,,,
EICHERMOT,2025-02-10,DROPPED_NO_SECTOR_MAP,,,,
EICHERMOT,2024-11-13,DROPPED_NO_SECTOR_MAP,,,,
ETERNAL,2026-01-21,DROPPED_NO_TRIGGER,0.8063835571510819,,,
ETERNAL,2025-10-16,DROPPED_NO_TRIGGER,0.35447281706018235,,,
ETERNAL,2025-07-21,DROPPED_NO_TRIGGER,-0.019380460662586665,,,
ETERNAL,2025-05-01,DROPPED_INSUFFICIENT_BASELINE,,,,
ETERNAL,2025-01-20,DROPPED_PIT_MISS,,,,
EXIDEIND,2026-01-30,DROPPED_NO_SECTOR_MAP,,,,
EXIDEIND,2025-11-14,DROPPED_NO_SECTOR_MAP,,,,
EXIDEIND,2025-08-05,DROPPED_NO_SECTOR_MAP,,,,
EXIDEIND,2025-04-30,DROPPED_NO_SECTOR_MAP,,,,
EXIDEIND,2025-01-28,DROPPED_NO_SECTOR_MAP,,,,
EXIDEIND,2024-11-04,DROPPED_NO_SECTOR_MAP,,,,
FEDERALBNK,2026-01-16,DROPPED_NO_TRIGGER,-0.2247894600168998,,,
FEDERALBNK,2025-10-18,DROPPED_INSUFFICIENT_BASELINE,,,,
FEDERALBNK,2025-08-02,DROPPED_INSUFFICIENT_BASELINE,,,,
FEDERALBNK,2025-04-30,DROPPED_NO_TRIGGER,-1.2908464729465672,,,
FEDERALBNK,2025-01-27,DROPPED_NO_TRIGGER,-1.457573854787524,,,
FORCEMOT,2026-02-04,DROPPED_PIT_MISS,,,,
FORCEMOT,2025-11-07,DROPPED_PIT_MISS,,,,
FORCEMOT,2025-07-23,DROPPED_PIT_MISS,,,,
FORCEMOT,2025-04-25,DROPPED_PIT_MISS,,,,
FORCEMOT,2025-02-10,DROPPED_PIT_MISS,,,,
FORTIS,2026-02-13,DROPPED_NO_TRIGGER,0.2207060111730913,,,
FORTIS,2025-11-11,DROPPED_NO_TRIGGER,-0.465873077561707,,,
FORTIS,2025-08-06,DROPPED_NO_TRIGGER,0.7658282625872779,,,
FORTIS,2025-05-20,DROPPED_PIT_MISS,,,,
FORTIS,2025-02-07,DROPPED_PIT_MISS,,,,
FORTIS,2024-11-08,DROPPED_PIT_MISS,,,,
GAIL,2026-01-31,DROPPED_INSUFFICIENT_BASELINE,,,,
GAIL,2025-10-31,DROPPED_NO_TRIGGER,0.09964965312973909,,,
GAIL,2025-07-28,DROPPED_NO_TRIGGER,0.7181459170381864,,,
GAIL,2025-05-13,DROPPED_NO_TRIGGER,0.488893629374271,,,
GAIL,2025-01-30,DROPPED_NO_TRIGGER,-0.33009046986793483,,,
GAIL,2024-11-05,EXCLUDED_MACRO,-1.5591271306456351,SECTOR_T1,,
GLENMARK,2026-01-30,DROPPED_NO_TRIGGER,0.7819308387737383,,,
GLENMARK,2025-11-14,DROPPED_NO_TRIGGER,-1.2017946046844863,,,
GLENMARK,2025-08-14,DROPPED_NO_TRIGGER,0.8256863857482292,,,
GLENMARK,2025-05-23,DROPPED_NO_TRIGGER,-0.015507192935136358,,,
GLENMARK,2025-02-14,DROPPED_NO_TRIGGER,0.7415763518820748,,,
GLENMARK,2024-11-14,CANDIDATE,-1.8832541136280545,,SHORT,NIFTYPHARMA
GMRAIRPORT,2026-02-13,DROPPED_NO_SECTOR_MAP,,,,
GMRAIRPORT,2025-11-13,DROPPED_NO_SECTOR_MAP,,,,
GMRAIRPORT,2025-07-29,DROPPED_NO_SECTOR_MAP,,,,
GMRAIRPORT,2025-05-22,DROPPED_NO_SECTOR_MAP,,,,
GMRAIRPORT,2025-01-28,DROPPED_NO_SECTOR_MAP,,,,
GODFRYPHLP,2026-01-30,DROPPED_PIT_MISS,,,,
GODFRYPHLP,2025-11-03,DROPPED_PIT_MISS,,,,
GODFRYPHLP,2025-08-04,DROPPED_PIT_MISS,,,,
GODFRYPHLP,2025-05-15,DROPPED_PIT_MISS,,,,
GODFRYPHLP,2025-02-13,DROPPED_PIT_MISS,,,,
GODFRYPHLP,2024-11-11,DROPPED_PIT_MISS,,,,
GODREJCP,2026-01-23,DROPPED_NO_TRIGGER,-0.05008163275085105,,,
GODREJCP,2025-10-31,DROPPED_NO_TRIGGER,-0.20546418632910757,,,
GODREJCP,2025-08-07,DROPPED_NO_TRIGGER,0.10767008061474848,,,
GODREJCP,2025-05-06,DROPPED_NO_TRIGGER,-0.0514150757748973,,,
GODREJCP,2025-01-24,DROPPED_NO_TRIGGER,0.18136380581791178,,,
GODREJPROP,2026-02-05,DROPPED_NO_SECTOR_MAP,,,,
GODREJPROP,2025-11-06,DROPPED_NO_SECTOR_MAP,,,,
GODREJPROP,2025-08-01,DROPPED_NO_SECTOR_MAP,,,,
GODREJPROP,2025-05-02,DROPPED_NO_SECTOR_MAP,,,,
GODREJPROP,2025-02-04,DROPPED_NO_SECTOR_MAP,,,,
GRASIM,2026-02-10,DROPPED_NO_SECTOR_MAP,,,,
GRASIM,2025-11-05,DROPPED_NO_SECTOR_MAP,,,,
GRASIM,2025-08-08,DROPPED_NO_SECTOR_MAP,,,,
GRASIM,2025-05-22,DROPPED_NO_SECTOR_MAP,,,,
GRASIM,2025-02-10,DROPPED_NO_SECTOR_MAP,,,,
GRASIM,2024-11-14,DROPPED_NO_SECTOR_MAP,,,,
HAL,2026-02-12,DROPPED_NO_SECTOR_MAP,,,,
HAL,2025-11-12,DROPPED_NO_SECTOR_MAP,,,,
HAL,2025-08-12,DROPPED_NO_SECTOR_MAP,,,,
HAL,2025-05-14,DROPPED_NO_SECTOR_MAP,,,,
HAL,2025-02-12,DROPPED_NO_SECTOR_MAP,,,,
HAVELLS,2026-04-22,DROPPED_NO_TRIGGER,-0.27865077151794587,,,
HAVELLS,2026-01-19,DROPPED_NO_TRIGGER,-0.9048720467074273,,,
HAVELLS,2025-10-17,DROPPED_NO_TRIGGER,-1.105080270534866,,,
HAVELLS,2025-07-21,DROPPED_NO_TRIGGER,0.0776824634209706,,,
HAVELLS,2025-01-16,DROPPED_NO_TRIGGER,-0.14520438516196457,,,
HCLTECH,2026-04-21,DROPPED_NO_TRIGGER,-0.8354518267051071,,,
HCLTECH,2026-01-12,DROPPED_NO_TRIGGER,-0.05244179573326367,,,
HCLTECH,2025-10-13,DROPPED_NO_TRIGGER,0.4880172304307691,,,
HCLTECH,2025-07-14,DROPPED_NO_TRIGGER,-1.2355854483839364,,,
HCLTECH,2025-04-22,DROPPED_NO_TRIGGER,0.415016751613961,,,
HCLTECH,2025-01-13,EXCLUDED_MACRO,1.5544185254709846,SECTOR_T1,,
HDFCAMC,2026-04-16,DROPPED_NO_SECTOR_MAP,,,,
HDFCAMC,2026-01-14,DROPPED_NO_SECTOR_MAP,,,,
HDFCAMC,2025-10-15,DROPPED_NO_SECTOR_MAP,,,,
HDFCAMC,2025-07-17,DROPPED_NO_SECTOR_MAP,,,,
HDFCAMC,2025-04-17,DROPPED_NO_SECTOR_MAP,,,,
HDFCAMC,2025-01-14,DROPPED_NO_SECTOR_MAP,,,,
HDFCBANK,2026-04-18,DROPPED_INSUFFICIENT_BASELINE,,,,
HDFCBANK,2026-01-17,DROPPED_INSUFFICIENT_BASELINE,,,,
HDFCBANK,2025-10-18,DROPPED_INSUFFICIENT_BASELINE,,,,
HDFCBANK,2025-07-19,DROPPED_INSUFFICIENT_BASELINE,,,,
HDFCBANK,2025-04-19,DROPPED_INSUFFICIENT_BASELINE,,,,
HDFCBANK,2025-01-22,DROPPED_NO_TRIGGER,-0.5704024660847382,,,
HDFCLIFE,2026-04-16,DROPPED_NO_SECTOR_MAP,,,,
HDFCLIFE,2026-01-15,DROPPED_NO_SECTOR_MAP,,,,
HDFCLIFE,2025-10-15,DROPPED_NO_SECTOR_MAP,,,,
HDFCLIFE,2025-07-15,DROPPED_NO_SECTOR_MAP,,,,
HDFCLIFE,2025-04-17,DROPPED_NO_SECTOR_MAP,,,,
HDFCLIFE,2025-01-15,DROPPED_NO_SECTOR_MAP,,,,
HEROMOTOCO,2026-02-05,DROPPED_NO_SECTOR_MAP,,,,
HEROMOTOCO,2025-11-13,DROPPED_NO_SECTOR_MAP,,,,
HEROMOTOCO,2025-08-06,DROPPED_NO_SECTOR_MAP,,,,
HEROMOTOCO,2025-05-13,DROPPED_NO_SECTOR_MAP,,,,
HEROMOTOCO,2025-02-06,DROPPED_NO_SECTOR_MAP,,,,
HEROMOTOCO,2024-11-14,DROPPED_NO_SECTOR_MAP,,,,
HINDALCO,2026-02-12,DROPPED_NO_TRIGGER,-0.2748622711890037,,,
HINDALCO,2025-11-07,DROPPED_NO_TRIGGER,-0.3101563354087995,,,
HINDALCO,2025-08-12,DROPPED_NO_TRIGGER,-0.3434446790507553,,,
HINDALCO,2025-05-20,DROPPED_NO_TRIGGER,-0.5467753755060923,,,
HINDALCO,2025-02-13,DROPPED_NO_TRIGGER,0.5850731776307251,,,
HINDALCO,2024-11-11,DROPPED_NO_TRIGGER,1.1027968499957093,,,
HINDPETRO,2026-01-21,DROPPED_NO_TRIGGER,0.2403315856838062,,,
HINDPETRO,2025-10-29,DROPPED_NO_TRIGGER,-0.957751232087328,,,
HINDPETRO,2025-08-07,DROPPED_NO_TRIGGER,0.2824570152049842,,,
HINDPETRO,2025-05-06,DROPPED_NO_TRIGGER,-1.3029000358821974,,,
HINDPETRO,2025-01-24,DROPPED_NO_TRIGGER,-1.124925378209196,,,
HINDPETRO,2025-01-23,EXCLUDED_MACRO,-1.8464816891623896,SECTOR_T1,,
HINDUNILVR,2026-02-12,DROPPED_NO_TRIGGER,0.9245289493994034,,,
HINDUNILVR,2025-10-23,DROPPED_NO_TRIGGER,-0.7092414578634709,,,
HINDUNILVR,2025-07-31,DROPPED_NO_TRIGGER,1.388918219726001,,,
HINDUNILVR,2025-04-24,DROPPED_NO_TRIGGER,-0.6665702886158327,,,
HINDUNILVR,2025-01-22,DROPPED_NO_TRIGGER,-0.14724870851171643,,,
HINDZINC,2026-04-24,DROPPED_INSUFFICIENT_BASELINE,,,,
HINDZINC,2026-01-19,DROPPED_NO_TRIGGER,-0.11549577721546796,,,
HINDZINC,2025-10-17,DROPPED_NO_TRIGGER,0.8123928659993293,,,
HINDZINC,2025-07-18,DROPPED_NO_TRIGGER,0.5895012043314073,,,
HINDZINC,2025-04-25,DROPPED_NO_TRIGGER,0.4421734760157517,,,
HINDZINC,2025-01-28,DROPPED_PIT_MISS,,,,
HUDCO,2026-01-29,DROPPED_NO_SECTOR_MAP,,,,
HUDCO,2025-11-10,DROPPED_NO_SECTOR_MAP,,,,
HUDCO,2025-08-06,DROPPED_NO_SECTOR_MAP,,,,
HUDCO,2025-05-07,DROPPED_NO_SECTOR_MAP,,,,
HUDCO,2025-01-22,DROPPED_NO_SECTOR_MAP,,,,
HYUNDAI,2026-02-02,DROPPED_PIT_MISS,,,,
HYUNDAI,2025-10-30,DROPPED_PIT_MISS,,,,
HYUNDAI,2025-07-30,DROPPED_PIT_MISS,,,,
HYUNDAI,2025-05-16,DROPPED_PIT_MISS,,,,
HYUNDAI,2025-01-28,DROPPED_PIT_MISS,,,,
HYUNDAI,2024-11-12,DROPPED_PIT_MISS,,,,
ICICIBANK,2026-04-18,DROPPED_INSUFFICIENT_BASELINE,,,,
ICICIBANK,2026-01-17,DROPPED_INSUFFICIENT_BASELINE,,,,
ICICIBANK,2025-10-18,DROPPED_INSUFFICIENT_BASELINE,,,,
ICICIBANK,2025-07-19,DROPPED_INSUFFICIENT_BASELINE,,,,
ICICIBANK,2025-04-19,DROPPED_INSUFFICIENT_BASELINE,,,,
ICICIBANK,2025-01-25,DROPPED_INSUFFICIENT_BASELINE,,,,
ICICIGI,2026-04-15,DROPPED_NO_SECTOR_MAP,,,,
ICICIGI,2026-01-13,DROPPED_NO_SECTOR_MAP,,,,
ICICIGI,2025-10-14,DROPPED_NO_SECTOR_MAP,,,,
ICICIGI,2025-07-15,DROPPED_NO_SECTOR_MAP,,,,
ICICIGI,2025-04-15,DROPPED_NO_SECTOR_MAP,,,,
ICICIGI,2025-01-17,DROPPED_NO_SECTOR_MAP,,,,
ICICIPRULI,2026-04-14,DROPPED_NO_SECTOR_MAP,,,,
ICICIPRULI,2026-01-13,DROPPED_NO_SECTOR_MAP,,,,
ICICIPRULI,2025-10-14,DROPPED_NO_SECTOR_MAP,,,,
ICICIPRULI,2025-07-15,DROPPED_NO_SECTOR_MAP,,,,
ICICIPRULI,2025-04-15,DROPPED_NO_SECTOR_MAP,,,,
ICICIPRULI,2025-01-21,DROPPED_NO_SECTOR_MAP,,,,
IDEA,2026-01-27,DROPPED_NO_SECTOR_MAP,,,,
IDEA,2025-11-10,DROPPED_NO_SECTOR_MAP,,,,
IDEA,2025-08-14,DROPPED_NO_SECTOR_MAP,,,,
IDEA,2025-05-30,DROPPED_NO_SECTOR_MAP,,,,
IDEA,2025-02-11,DROPPED_NO_SECTOR_MAP,,,,
IDEA,2024-11-13,DROPPED_NO_SECTOR_MAP,,,,
IDFCFIRSTB,2026-04-25,DROPPED_INSUFFICIENT_BASELINE,,,,
IDFCFIRSTB,2026-01-31,DROPPED_INSUFFICIENT_BASELINE,,,,
IDFCFIRSTB,2025-10-18,DROPPED_INSUFFICIENT_BASELINE,,,,
IDFCFIRSTB,2025-07-26,DROPPED_INSUFFICIENT_BASELINE,,,,
IDFCFIRSTB,2025-04-26,DROPPED_INSUFFICIENT_BASELINE,,,,
IDFCFIRSTB,2025-01-25,DROPPED_INSUFFICIENT_BASELINE,,,,
IEX,2026-04-23,DROPPED_NO_SECTOR_MAP,,,,
IEX,2026-01-29,DROPPED_NO_SECTOR_MAP,,,,
IEX,2025-10-30,DROPPED_NO_SECTOR_MAP,,,,
IEX,2025-07-24,DROPPED_NO_SECTOR_MAP,,,,
IEX,2025-04-24,DROPPED_NO_SECTOR_MAP,,,,
IEX,2025-01-23,DROPPED_NO_SECTOR_MAP,,,,
INDHOTEL,2026-02-12,DROPPED_NO_TRIGGER,-1.216531412453429,,,
INDHOTEL,2025-11-04,DROPPED_NO_TRIGGER,-0.08075400556703316,,,
INDHOTEL,2025-07-17,DROPPED_NO_TRIGGER,-1.023711211478548,,,
INDHOTEL,2025-05-05,EXCLUDED_MACRO,-2.156193330663695,SECTOR_T1,,
INDHOTEL,2025-01-17,DROPPED_NO_TRIGGER,-0.17759271895804396,,,
INDHOTEL,2024-11-07,DROPPED_NO_TRIGGER,0.640034281846885,,,
INDIANB,2026-01-22,DROPPED_NO_TRIGGER,0.028781288681670944,,,
INDIANB,2025-10-16,DROPPED_NO_TRIGGER,0.522607125415991,,,
INDIANB,2025-07-24,DROPPED_NO_TRIGGER,-0.25792499576253997,,,
INDIANB,2025-05-03,DROPPED_INSUFFICIENT_BASELINE,,,,
INDIANB,2025-01-29,DROPPED_NO_TRIGGER,-0.8589153237974096,,,
INDIGO,2026-01-22,DROPPED_NO_SECTOR_MAP,,,,
INDIGO,2025-11-04,DROPPED_NO_SECTOR_MAP,,,,
INDIGO,2025-07-30,DROPPED_NO_SECTOR_MAP,,,,
INDIGO,2025-05-21,DROPPED_NO_SECTOR_MAP,,,,
INDIGO,2025-01-24,DROPPED_NO_SECTOR_MAP,,,,
INDUSINDBK,2026-04-24,DROPPED_INSUFFICIENT_BASELINE,,,,
INDUSINDBK,2026-01-23,DROPPED_NO_TRIGGER,-0.6100077476164003,,,
INDUSINDBK,2025-10-18,DROPPED_INSUFFICIENT_BASELINE,,,,
INDUSINDBK,2025-07-28,DROPPED_NO_TRIGGER,-0.02451078357599374,,,
INDUSINDBK,2025-05-21,DROPPED_NO_TRIGGER,-1.3905053442957989,,,
INDUSINDBK,2025-01-31,DROPPED_NO_TRIGGER,-0.6678632470853215,,,
INDUSTOWER,2026-02-02,DROPPED_NO_SECTOR_MAP,,,,
INDUSTOWER,2025-10-27,DROPPED_NO_SECTOR_MAP,,,,
INDUSTOWER,2025-07-30,DROPPED_NO_SECTOR_MAP,,,,
INDUSTOWER,2025-04-30,DROPPED_NO_SECTOR_MAP,,,,
INDUSTOWER,2025-01-23,DROPPED_NO_SECTOR_MAP,,,,
INFY,2026-04-23,DROPPED_INSUFFICIENT_BASELINE,,,,
INFY,2026-01-14,DROPPED_NO_TRIGGER,-0.38340858292459296,,,
INFY,2025-10-16,DROPPED_NO_TRIGGER,-0.7215669487584795,,,
INFY,2025-07-23,DROPPED_NO_TRIGGER,0.3530896300469559,,,
INFY,2025-04-17,DROPPED_NO_TRIGGER,-1.0175660435028417,,,
INFY,2025-01-16,EXCLUDED_MACRO,2.2596662081109313,SECTOR_T1,,
INOXWIND,2026-02-13,DROPPED_NO_SECTOR_MAP,,,,
INOXWIND,2025-11-14,DROPPED_NO_SECTOR_MAP,,,,
INOXWIND,2025-08-14,DROPPED_NO_SECTOR_MAP,,,,
INOXWIND,2025-05-30,DROPPED_NO_SECTOR_MAP,,,,
INOXWIND,2025-01-31,DROPPED_PIT_MISS,,,,
IOC,2026-02-05,CANDIDATE,-2.142451250233493,,SHORT,NIFTYENERGY
IOC,2025-10-27,DROPPED_NO_TRIGGER,-0.05958232886087917,,,
IOC,2025-08-14,DROPPED_NO_TRIGGER,0.7277026239328394,,,
IOC,2025-04-30,DROPPED_NO_TRIGGER,0.1512545980369292,,,
IOC,2025-01-28,DROPPED_NO_TRIGGER,1.1283099672799972,,,
IOC,2025-01-27,DROPPED_NO_TRIGGER,0.7715734181954149,,,
IREDA,2026-01-09,DROPPED_NO_TRIGGER,-0.7933571625364707,,,
IREDA,2025-10-14,DROPPED_NO_TRIGGER,-0.7007698904294464,,,
IREDA,2025-07-10,DROPPED_NO_TRIGGER,0.01575749155809844,,,
IREDA,2025-04-15,DROPPED_NO_TRIGGER,-0.5060010861422733,,,
IREDA,2025-01-09,DROPPED_PIT_MISS,,,,
IRFC,2026-01-19,DROPPED_NO_SECTOR_MAP,,,,
IRFC,2025-10-15,DROPPED_NO_SECTOR_MAP,,,,
IRFC,2025-07-22,DROPPED_NO_SECTOR_MAP,,,,
IRFC,2025-04-29,DROPPED_NO_SECTOR_MAP,,,,
IRFC,2025-04-28,DROPPED_NO_SECTOR_MAP,,,,
IRFC,2025-01-20,DROPPED_NO_SECTOR_MAP,,,,
IRFC,2024-11-04,DROPPED_PIT_MISS,,,,
ITC,2026-01-29,DROPPED_NO_TRIGGER,0.13020509287622462,,,
ITC,2025-10-30,CANDIDATE,1.6305509308546822,,LONG,NIFTYFMCG
ITC,2025-08-01,DROPPED_NO_TRIGGER,-0.12319142005593674,,,
ITC,2025-05-22,DROPPED_NO_TRIGGER,0.27996457339028996,,,
ITC,2025-02-06,DROPPED_NO_TRIGGER,-0.5899453645423959,,,
JINDALSTEL,2026-01-30,DROPPED_NO_TRIGGER,1.4382777644115439,,,
JINDALSTEL,2025-10-28,DROPPED_NO_TRIGGER,-0.69259583942879,,,
JINDALSTEL,2025-08-12,DROPPED_NO_TRIGGER,0.8205268450500366,,,
JINDALSTEL,2025-04-30,DROPPED_NO_TRIGGER,0.1606823972333866,,,
JINDALSTEL,2025-01-30,CANDIDATE,-2.045350540842208,,SHORT,NIFTYMETAL
JINDALSTEL,2024-11-06,DROPPED_NO_TRIGGER,0.8523092697171334,,,
JIOFIN,2026-04-17,DROPPED_NO_SECTOR_MAP,,,,
JIOFIN,2026-01-15,DROPPED_NO_SECTOR_MAP,,,,
JIOFIN,2025-10-16,DROPPED_NO_SECTOR_MAP,,,,
JIOFIN,2025-07-17,DROPPED_NO_SECTOR_MAP,,,,
JIOFIN,2025-04-17,DROPPED_NO_SECTOR_MAP,,,,
JIOFIN,2025-01-17,DROPPED_NO_SECTOR_MAP,,,,
JSWENERGY,2026-01-23,DROPPED_NO_TRIGGER,0.052332450765990204,,,
JSWENERGY,2025-10-17,DROPPED_NO_TRIGGER,-0.3022484699031298,,,
JSWENERGY,2025-07-31,DROPPED_NO_TRIGGER,0.18269391550362343,,,
JSWENERGY,2025-05-15,DROPPED_NO_TRIGGER,0.3362431042769358,,,
JSWENERGY,2025-01-28,DROPPED_NO_TRIGGER,-0.24588047545296657,,,
JSWSTEEL,2026-01-23,EXCLUDED_MACRO,-1.8232017731901522,SECTOR_T1,,
JSWSTEEL,2025-10-17,DROPPED_NO_TRIGGER,-0.85630159184467,,,
JSWSTEEL,2025-07-18,DROPPED_NO_TRIGGER,-0.14754389999974996,,,
JSWSTEEL,2025-05-23,DROPPED_NO_TRIGGER,-0.15206121527068248,,,
JSWSTEEL,2025-01-24,DROPPED_NO_TRIGGER,-0.44431322437945786,,,
JUBLFOOD,2026-02-10,CANDIDATE,1.611924102216292,,LONG,NIFTYREALTY
JUBLFOOD,2025-11-13,DROPPED_NO_TRIGGER,0.05397543469480229,,,
JUBLFOOD,2025-08-13,DROPPED_NO_TRIGGER,-0.5827478356314346,,,
JUBLFOOD,2025-05-14,DROPPED_NO_TRIGGER,0.6575336076121008,,,
JUBLFOOD,2025-02-12,DROPPED_NO_TRIGGER,-0.7149550211210319,,,
JUBLFOOD,2024-11-11,DROPPED_NO_TRIGGER,0.7913005908530303,,,
KALYANKJIL,2026-02-06,DROPPED_NO_SECTOR_MAP,,,,
KALYANKJIL,2025-11-07,DROPPED_NO_SECTOR_MAP,,,,
KALYANKJIL,2025-08-07,DROPPED_NO_SECTOR_MAP,,,,
KALYANKJIL,2025-05-08,DROPPED_NO_SECTOR_MAP,,,,
KALYANKJIL,2025-01-30,DROPPED_NO_SECTOR_MAP,,,,
KALYANKJIL,2024-11-13,DROPPED_PIT_MISS,,,,
KAYNES,2026-02-05,DROPPED_NO_SECTOR_MAP,,,,
KAYNES,2025-11-04,DROPPED_NO_SECTOR_MAP,,,,
KAYNES,2025-07-30,DROPPED_NO_SECTOR_MAP,,,,
KAYNES,2025-05-15,DROPPED_PIT_MISS,,,,
KAYNES,2025-01-27,DROPPED_PIT_MISS,,,,
KAYNES,2025-01-22,DROPPED_PIT_MISS,,,,
KEI,2026-01-21,DROPPED_NO_SECTOR_MAP,,,,
KEI,2025-10-15,DROPPED_NO_SECTOR_MAP,,,,
KEI,2025-07-22,DROPPED_NO_SECTOR_MAP,,,,
KEI,2025-05-06,DROPPED_NO_SECTOR_MAP,,,,
KEI,2025-01-21,DROPPED_NO_SECTOR_MAP,,,,
KFINTECH,2026-02-13,DROPPED_NO_SECTOR_MAP,,,,
KFINTECH,2025-10-27,DROPPED_NO_SECTOR_MAP,,,,
KFINTECH,2025-07-24,DROPPED_NO_SECTOR_MAP,,,,
KFINTECH,2025-04-28,DROPPED_PIT_MISS,,,,
KFINTECH,2025-01-23,DROPPED_PIT_MISS,,,,
KOTAKBANK,2026-01-24,DROPPED_INSUFFICIENT_BASELINE,,,,
KOTAKBANK,2025-10-25,DROPPED_INSUFFICIENT_BASELINE,,,,
KOTAKBANK,2025-07-26,DROPPED_INSUFFICIENT_BASELINE,,,,
KOTAKBANK,2025-05-03,DROPPED_INSUFFICIENT_BASELINE,,,,
KOTAKBANK,2025-01-18,DROPPED_INSUFFICIENT_BASELINE,,,,
KPITTECH,2026-01-29,DROPPED_NO_TRIGGER,-0.9956429330290777,,,
KPITTECH,2025-11-10,DROPPED_NO_TRIGGER,-0.16371053704798166,,,
KPITTECH,2025-07-30,DROPPED_NO_TRIGGER,0.20156293203805972,,,
KPITTECH,2025-04-28,DROPPED_NO_TRIGGER,-1.14466425662151,,,
KPITTECH,2025-01-29,DROPPED_NO_TRIGGER,-0.24713788800540565,,,
LAURUSLABS,2026-01-23,DROPPED_NO_TRIGGER,0.006369629425843493,,,
LAURUSLABS,2025-10-23,DROPPED_NO_TRIGGER,0.44655478777069024,,,
LAURUSLABS,2025-07-25,DROPPED_NO_TRIGGER,-0.06004553004789758,,,
LAURUSLABS,2025-04-24,EXCLUDED_MACRO,2.3373667768650157,SECTOR_T1,,
LAURUSLABS,2025-01-24,DROPPED_NO_TRIGGER,0.5723080137715056,,,
LICHSGFIN,2026-01-30,DROPPED_NO_SECTOR_MAP,,,,
LICHSGFIN,2025-10-29,DROPPED_NO_SECTOR_MAP,,,,
LICHSGFIN,2025-08-01,DROPPED_NO_SECTOR_MAP,,,,
LICHSGFIN,2025-05-15,DROPPED_NO_SECTOR_MAP,,,,
LICHSGFIN,2025-01-31,DROPPED_NO_SECTOR_MAP,,,,
LICI,2026-02-05,DROPPED_NO_SECTOR_MAP,,,,
LICI,2025-11-06,DROPPED_NO_SECTOR_MAP,,,,
LICI,2025-08-07,DROPPED_NO_SECTOR_MAP,,,,
LICI,2025-05-27,DROPPED_NO_SECTOR_MAP,,,,
LICI,2025-02-07,DROPPED_NO_SECTOR_MAP,,,,
LICI,2024-11-08,DROPPED_PIT_MISS,,,,
LODHA,2026-04-24,DROPPED_NO_SECTOR_MAP,,,,
LODHA,2026-01-28,DROPPED_NO_SECTOR_MAP,,,,
LODHA,2025-10-30,DROPPED_NO_SECTOR_MAP,,,,
LODHA,2025-07-26,DROPPED_NO_SECTOR_MAP,,,,
LODHA,2025-04-24,DROPPED_NO_SECTOR_MAP,,,,
LODHA,2025-01-25,DROPPED_NO_SECTOR_MAP,,,,
LT,2026-01-28,DROPPED_NO_SECTOR_MAP,,,,
LT,2025-10-29,DROPPED_NO_SECTOR_MAP,,,,
LT,2025-07-29,DROPPED_NO_SECTOR_MAP,,,,
LT,2025-05-08,DROPPED_NO_SECTOR_MAP,,,,
LT,2025-01-30,DROPPED_NO_SECTOR_MAP,,,,
LTF,2026-04-24,DROPPED_NO_SECTOR_MAP,,,,
LTF,2026-01-16,DROPPED_NO_SECTOR_MAP,,,,
LTF,2025-10-15,DROPPED_NO_SECTOR_MAP,,,,
LTF,2025-07-18,DROPPED_NO_SECTOR_MAP,,,,
LTF,2025-04-25,DROPPED_NO_SECTOR_MAP,,,,
LTF,2025-01-20,DROPPED_NO_SECTOR_MAP,,,,
LTM,2026-04-23,DROPPED_INSUFFICIENT_BASELINE,,,,
LTM,2026-01-19,DROPPED_PIT_MISS,,,,
LTM,2025-10-16,DROPPED_PIT_MISS,,,,
LTM,2025-07-17,DROPPED_PIT_MISS,,,,
LTM,2025-04-23,DROPPED_PIT_MISS,,,,
LTM,2025-01-16,DROPPED_PIT_MISS,,,,
LUPIN,2026-02-12,DROPPED_NO_TRIGGER,0.05910727947244998,,,
LUPIN,2025-11-06,CANDIDATE,1.819881373746297,,LONG,NIFTYPHARMA
LUPIN,2025-08-05,DROPPED_NO_TRIGGER,-0.5326583891063776,,,
LUPIN,2025-05-14,DROPPED_NO_TRIGGER,-0.29886039999925257,,,
LUPIN,2025-02-11,DROPPED_NO_TRIGGER,0.885156713151964,,,
LUPIN,2024-11-07,EXCLUDED_MACRO,-2.1922764252686098,SECTOR_T,,
M&M,2026-04-20,DROPPED_NO_SECTOR_MAP,,,,
M&M,2026-01-13,DROPPED_NO_SECTOR_MAP,,,,
M&M,2025-10-14,DROPPED_NO_SECTOR_MAP,,,,
M&M,2025-07-15,DROPPED_NO_SECTOR_MAP,,,,
M&M,2025-04-25,DROPPED_NO_SECTOR_MAP,,,,
M&M,2025-01-15,DROPPED_NO_SECTOR_MAP,,,,
MANAPPURAM,2026-01-29,DROPPED_NO_SECTOR_MAP,,,,
MANAPPURAM,2025-10-30,DROPPED_NO_SECTOR_MAP,,,,
MANAPPURAM,2025-08-08,DROPPED_NO_SECTOR_MAP,,,,
MANAPPURAM,2025-05-09,DROPPED_NO_SECTOR_MAP,,,,
MANAPPURAM,2025-02-13,DROPPED_NO_SECTOR_MAP,,,,
MANAPPURAM,2024-11-05,DROPPED_NO_SECTOR_MAP,,,,
MANKIND,2026-02-03,DROPPED_NO_TRIGGER,0.04100229420473101,,,
MANKIND,2025-11-06,DROPPED_NO_TRIGGER,-0.20047360526454688,,,
MANKIND,2025-07-31,EXCLUDED_MACRO,-1.548018638536287,SECTOR_T1,,
MANKIND,2025-05-21,DROPPED_PIT_MISS,,,,
MANKIND,2025-01-23,DROPPED_PIT_MISS,,,,
MANKIND,2024-11-05,DROPPED_PIT_MISS,,,,
MARICO,2026-01-27,DROPPED_NO_TRIGGER,0.1269843703899911,,,
MARICO,2025-11-14,DROPPED_NO_TRIGGER,0.5930107519320795,,,
MARICO,2025-08-04,DROPPED_NO_TRIGGER,-0.7027096556217616,,,
MARICO,2025-05-02,DROPPED_NO_TRIGGER,-0.2919394480312425,,,
MARICO,2025-01-31,DROPPED_NO_TRIGGER,0.49585180586531313,,,
MARUTI,2026-01-28,DROPPED_NO_TRIGGER,-0.5477997362241693,,,
MARUTI,2025-10-31,DROPPED_NO_TRIGGER,-0.7423556134344017,,,
MARUTI,2025-07-31,DROPPED_NO_TRIGGER,0.7029199547501284,,,
MARUTI,2025-04-25,DROPPED_NO_TRIGGER,-0.9456021920018097,,,
MARUTI,2025-01-29,DROPPED_NO_TRIGGER,0.37601059658700436,,,
MAXHEALTH,2026-02-05,DROPPED_NO_TRIGGER,-0.9425248289749991,,,
MAXHEALTH,2025-11-14,DROPPED_NO_TRIGGER,0.02335621978444072,,,
MAXHEALTH,2025-08-13,DROPPED_NO_TRIGGER,-0.0910371547303268,,,
MAXHEALTH,2025-05-20,DROPPED_NO_TRIGGER,0.45990045114168504,,,
MAXHEALTH,2025-01-30,DROPPED_NO_TRIGGER,0.44555183963764666,,,
MAXHEALTH,2024-11-05,DROPPED_PIT_MISS,,,,
MAZDOCK,2026-02-05,DROPPED_NO_SECTOR_MAP,,,,
MAZDOCK,2025-10-27,DROPPED_NO_SECTOR_MAP,,,,
MAZDOCK,2025-07-28,DROPPED_NO_SECTOR_MAP,,,,
MAZDOCK,2025-05-29,DROPPED_PIT_MISS,,,,
MAZDOCK,2025-02-07,DROPPED_PIT_MISS,,,,
MAZDOCK,2024-11-05,DROPPED_PIT_MISS,,,,
MCX,2026-01-23,DROPPED_NO_SECTOR_MAP,,,,
MCX,2025-11-06,DROPPED_NO_SECTOR_MAP,,,,
MCX,2025-08-01,DROPPED_NO_SECTOR_MAP,,,,
MCX,2025-05-08,DROPPED_NO_SECTOR_MAP,,,,
MCX,2025-01-20,DROPPED_NO_SECTOR_MAP,,,,
MFSL,2026-02-11,DROPPED_NO_SECTOR_MAP,,,,
MFSL,2025-11-11,DROPPED_NO_SECTOR_MAP,,,,
MFSL,2025-08-07,DROPPED_NO_SECTOR_MAP,,,,
MFSL,2025-05-13,DROPPED_NO_SECTOR_MAP,,,,
MFSL,2025-02-04,DROPPED_NO_SECTOR_MAP,,,,
MOTHERSON,2026-02-10,DROPPED_NO_TRIGGER,0.2221188494327622,,,
MOTHERSON,2025-11-13,DROPPED_NO_TRIGGER,-1.1274936490328282,,,
MOTHERSON,2025-08-13,DROPPED_NO_TRIGGER,-1.4918477209356231,,,
MOTHERSON,2025-05-29,DROPPED_NO_TRIGGER,0.21909637072472465,,,
MOTHERSON,2025-02-14,DROPPED_NO_TRIGGER,-1.1541491952871286,,,
MOTHERSON,2024-11-12,DROPPED_NO_TRIGGER,0.29987232757618604,,,
MOTILALOFS,2026-01-27,DROPPED_PIT_MISS,,,,
MOTILALOFS,2025-10-30,DROPPED_PIT_MISS,,,,
MOTILALOFS,2025-07-24,DROPPED_PIT_MISS,,,,
MOTILALOFS,2025-04-25,DROPPED_PIT_MISS,,,,
MOTILALOFS,2025-01-28,DROPPED_PIT_MISS,,,,
MPHASIS,2026-01-22,DROPPED_NO_TRIGGER,0.020863054482514087,,,
MPHASIS,2025-10-30,DROPPED_NO_TRIGGER,1.2008660816663608,,,
MPHASIS,2025-07-24,DROPPED_NO_TRIGGER,-0.3761923117868524,,,
MPHASIS,2025-04-24,DROPPED_NO_TRIGGER,0.4018744518040095,,,
MPHASIS,2025-01-23,DROPPED_NO_TRIGGER,0.7223573013568406,,,
MUTHOOTFIN,2026-02-12,DROPPED_NO_SECTOR_MAP,,,,
MUTHOOTFIN,2025-11-13,DROPPED_NO_SECTOR_MAP,,,,
MUTHOOTFIN,2025-08-13,DROPPED_NO_SECTOR_MAP,,,,
MUTHOOTFIN,2025-05-14,DROPPED_NO_SECTOR_MAP,,,,
MUTHOOTFIN,2025-02-12,DROPPED_NO_SECTOR_MAP,,,,
MUTHOOTFIN,2024-11-14,DROPPED_NO_SECTOR_MAP,,,,
NAM-INDIA,2026-01-29,DROPPED_PIT_MISS,,,,
NAM-INDIA,2025-10-30,DROPPED_PIT_MISS,,,,
NAM-INDIA,2025-07-28,DROPPED_PIT_MISS,,,,
NAM-INDIA,2025-04-28,DROPPED_PIT_MISS,,,,
NAM-INDIA,2025-01-23,DROPPED_PIT_MISS,,,,
NATIONALUM,2026-01-30,EXCLUDED_MACRO,1.8167278605637416,SECTOR_T,,
NATIONALUM,2025-11-07,DROPPED_NO_TRIGGER,-0.6839827816260303,,,
NATIONALUM,2025-08-07,DROPPED_NO_TRIGGER,-0.24005442033382926,,,
NATIONALUM,2025-05-21,DROPPED_NO_TRIGGER,1.025745850201288,,,
NATIONALUM,2025-02-10,DROPPED_NO_TRIGGER,0.021542673492575302,,,
NATIONALUM,2024-11-13,DROPPED_NO_TRIGGER,0.14888294023441823,,,
NAUKRI,2026-02-13,DROPPED_NO_TRIGGER,-0.2366696525202575,,,
NAUKRI,2025-11-12,DROPPED_NO_TRIGGER,0.5747906947213797,,,
NAUKRI,2025-08-08,DROPPED_NO_TRIGGER,-0.8798572511589329,,,
NAUKRI,2025-05-27,DROPPED_NO_TRIGGER,-0.15380618061083795,,,
NAUKRI,2025-02-05,CANDIDATE,3.1918925171311687,,LONG,NIFTYIT
NAUKRI,2024-11-08,DROPPED_NO_TRIGGER,0.6076850553943365,,,
NBCC,2026-02-13,DROPPED_NO_SECTOR_MAP,,,,
NBCC,2025-11-13,DROPPED_NO_SECTOR_MAP,,,,
NBCC,2025-08-07,DROPPED_NO_SECTOR_MAP,,,,
NBCC,2025-05-29,DROPPED_NO_SECTOR_MAP,,,,
NBCC,2025-02-11,DROPPED_NO_SECTOR_MAP,,,,
NBCC,2024-11-13,DROPPED_PIT_MISS,,,,
NESTLEIND,2026-04-21,DROPPED_NO_TRIGGER,0.055673270572170794,,,
NESTLEIND,2026-01-30,DROPPED_NO_TRIGGER,0.8887373121276356,,,
NESTLEIND,2025-10-16,DROPPED_NO_TRIGGER,0.7600556427365082,,,
NESTLEIND,2025-07-24,DROPPED_NO_TRIGGER,0.8848546820801572,,,
NESTLEIND,2025-04-24,DROPPED_NO_TRIGGER,0.8714066691142139,,,
NESTLEIND,2025-01-31,DROPPED_NO_TRIGGER,-0.542070599610228,,,
NHPC,2026-02-04,DROPPED_NO_TRIGGER,0.2229304888899719,,,
NHPC,2025-11-06,DROPPED_NO_TRIGGER,-0.15366747683061704,,,
NHPC,2025-08-12,DROPPED_NO_TRIGGER,-0.24692734236796715,,,
NHPC,2025-05-20,DROPPED_NO_TRIGGER,1.451312278729981,,,
NHPC,2025-02-07,DROPPED_NO_TRIGGER,1.2926645792245932,,,
NHPC,2024-11-07,DROPPED_PIT_MISS,,,,
NMDC,2026-02-03,DROPPED_NO_TRIGGER,0.1262384563294164,,,
NMDC,2025-10-29,DROPPED_NO_TRIGGER,-1.4564198417359913,,,
NMDC,2025-08-12,DROPPED_NO_TRIGGER,0.17100703972227138,,,
NMDC,2025-05-27,DROPPED_NO_TRIGGER,0.11500849782592211,,,
NMDC,2025-02-06,EXCLUDED_MACRO,-1.6415474213734367,SECTOR_T1,,
NMDC,2024-11-11,DROPPED_NO_TRIGGER,0.6894300832644015,,,
NTPC,2026-01-30,DROPPED_NO_TRIGGER,1.345929848962987,,,
NTPC,2025-10-30,DROPPED_NO_TRIGGER,0.1586875892356053,,,
NTPC,2025-07-29,DROPPED_NO_TRIGGER,-0.3133545560736441,,,
NTPC,2025-05-24,DROPPED_INSUFFICIENT_BASELINE,,,,
NTPC,2025-01-25,DROPPED_INSUFFICIENT_BASELINE,,,,
NUVAMA,2026-01-23,DROPPED_NO_SECTOR_MAP,,,,
NUVAMA,2025-11-04,DROPPED_NO_SECTOR_MAP,,,,
NUVAMA,2025-08-13,DROPPED_PIT_MISS,,,,
NUVAMA,2025-05-28,DROPPED_PIT_MISS,,,,
NUVAMA,2025-01-31,DROPPED_PIT_MISS,,,,
NYKAA,2026-02-05,DROPPED_NO_SECTOR_MAP,,,,
NYKAA,2025-11-07,DROPPED_NO_SECTOR_MAP,,,,
NYKAA,2025-08-12,DROPPED_NO_SECTOR_MAP,,,,
NYKAA,2025-05-30,DROPPED_NO_SECTOR_MAP,,,,
NYKAA,2025-02-10,DROPPED_NO_SECTOR_MAP,,,,
NYKAA,2024-11-12,DROPPED_PIT_MISS,,,,
OBEROIRLTY,2026-01-19,DROPPED_NO_SECTOR_MAP,,,,
OBEROIRLTY,2025-10-15,DROPPED_NO_SECTOR_MAP,,,,
OBEROIRLTY,2025-07-21,DROPPED_NO_SECTOR_MAP,,,,
OBEROIRLTY,2025-04-28,DROPPED_NO_SECTOR_MAP,,,,
OBEROIRLTY,2025-01-20,DROPPED_NO_SECTOR_MAP,,,,
OFSS,2026-04-22,EXCLUDED_MACRO,1.580777886197968,SECTOR_T,,
OFSS,2026-01-21,DROPPED_NO_TRIGGER,1.2710570099683443,,,
OFSS,2025-10-17,DROPPED_NO_TRIGGER,-0.12513319346982818,,,
OFSS,2025-07-23,DROPPED_NO_TRIGGER,0.7691441852812118,,,
OFSS,2025-04-25,DROPPED_NO_TRIGGER,-0.19345678728301546,,,
OFSS,2025-01-15,DROPPED_NO_TRIGGER,-0.019381019036344687,,,
OIL,2026-02-10,CANDIDATE,-2.05433367761524,,SHORT,NIFTYENERGY
OIL,2025-11-14,DROPPED_NO_TRIGGER,-0.2566713826831089,,,
OIL,2025-08-12,DROPPED_NO_TRIGGER,0.45758409710265746,,,
OIL,2025-05-21,DROPPED_NO_TRIGGER,0.12558250777743998,,,
OIL,2025-02-07,DROPPED_NO_TRIGGER,-0.30693067164891197,,,
OIL,2024-11-05,DROPPED_PIT_MISS,,,,
ONGC,2026-02-12,DROPPED_NO_TRIGGER,0.2527077423180251,,,
ONGC,2025-11-10,CANDIDATE,-2.328553764815716,,SHORT,NIFTYENERGY
ONGC,2025-08-12,DROPPED_NO_TRIGGER,0.2388233990232121,,,
ONGC,2025-05-21,DROPPED_NO_TRIGGER,0.33001704240898405,,,
ONGC,2025-01-31,DROPPED_NO_TRIGGER,1.24519520255197,,,
ONGC,2024-11-11,DROPPED_NO_TRIGGER,-0.32848133850204303,,,
PAGEIND,2026-02-05,DROPPED_NO_SECTOR_MAP,,,,
PAGEIND,2025-11-13,DROPPED_NO_SECTOR_MAP,,,,
PAGEIND,2025-08-07,DROPPED_NO_SECTOR_MAP,,,,
PAGEIND,2025-05-15,DROPPED_NO_SECTOR_MAP,,,,
PAGEIND,2025-02-05,DROPPED_NO_SECTOR_MAP,,,,
PAGEIND,2024-11-07,DROPPED_NO_SECTOR_MAP,,,,
PATANJALI,2026-02-11,DROPPED_NO_TRIGGER,0.5511738000447581,,,
PATANJALI,2025-10-31,DROPPED_NO_TRIGGER,0.8303344736313953,,,
PATANJALI,2025-08-14,DROPPED_NO_TRIGGER,-1.2324992353514024,,,
PATANJALI,2025-05-15,DROPPED_NO_TRIGGER,-0.29076978545005494,,,
PATANJALI,2025-02-10,DROPPED_PIT_MISS,,,,
PAYTM,2026-01-29,DROPPED_NO_SECTOR_MAP,,,,
PAYTM,2025-11-04,DROPPED_NO_SECTOR_MAP,,,,
PAYTM,2025-07-22,DROPPED_NO_SECTOR_MAP,,,,
PAYTM,2025-05-06,DROPPED_NO_SECTOR_MAP,,,,
PAYTM,2025-01-20,DROPPED_NO_SECTOR_MAP,,,,
PERSISTENT,2026-04-21,DROPPED_NO_TRIGGER,-0.5281831942405051,,,
PERSISTENT,2026-01-20,DROPPED_NO_TRIGGER,-0.2940166811001132,,,
PERSISTENT,2025-10-14,DROPPED_NO_TRIGGER,0.946286184805148,,,
PERSISTENT,2025-07-23,DROPPED_NO_TRIGGER,-0.08771681850221968,,,
PERSISTENT,2025-04-24,DROPPED_NO_TRIGGER,0.02887352629683287,,,
PERSISTENT,2025-01-22,DROPPED_NO_TRIGGER,0.46720494657821754,,,
PETRONET,2026-02-12,DROPPED_NO_TRIGGER,-0.29475584400011334,,,
PETRONET,2025-11-07,CANDIDATE,-1.572941423375621,,SHORT,NIFTYENERGY
PETRONET,2025-07-25,DROPPED_NO_TRIGGER,-0.4444138793997008,,,
PETRONET,2025-05-19,DROPPED_NO_TRIGGER,0.9795691871952424,,,
PETRONET,2025-01-27,DROPPED_NO_TRIGGER,-0.9610046539411389,,,
PFC,2026-02-05,DROPPED_NO_SECTOR_MAP,,,,
PFC,2025-11-07,DROPPED_NO_SECTOR_MAP,,,,
PFC,2025-08-06,DROPPED_NO_SECTOR_MAP,,,,
PFC,2025-05-21,DROPPED_NO_SECTOR_MAP,,,,
PFC,2025-02-12,DROPPED_NO_SECTOR_MAP,,,,
PFC,2024-11-08,DROPPED_NO_SECTOR_MAP,,,,
PGEL,2026-02-02,DROPPED_NO_SECTOR_MAP,,,,
PGEL,2025-11-13,DROPPED_NO_SECTOR_MAP,,,,
PGEL,2025-08-08,DROPPED_NO_SECTOR_MAP,,,,
PGEL,2025-05-12,DROPPED_PIT_MISS,,,,
PGEL,2025-02-06,DROPPED_PIT_MISS,,,,
PGEL,2024-11-11,DROPPED_PIT_MISS,,,,
PHOENIXLTD,2026-01-28,DROPPED_NO_SECTOR_MAP,,,,
PHOENIXLTD,2025-10-31,DROPPED_NO_SECTOR_MAP,,,,
PHOENIXLTD,2025-07-24,DROPPED_NO_SECTOR_MAP,,,,
PHOENIXLTD,2025-04-30,DROPPED_NO_SECTOR_MAP,,,,
PHOENIXLTD,2025-01-30,DROPPED_PIT_MISS,,,,
PIDILITIND,2026-02-03,DROPPED_NO_SECTOR_MAP,,,,
PIDILITIND,2025-10-30,DROPPED_NO_SECTOR_MAP,,,,
PIDILITIND,2025-08-06,DROPPED_NO_SECTOR_MAP,,,,
PIDILITIND,2025-05-08,DROPPED_NO_SECTOR_MAP,,,,
PIDILITIND,2025-01-22,DROPPED_NO_SECTOR_MAP,,,,
PIIND,2026-02-12,DROPPED_NO_SECTOR_MAP,,,,
PIIND,2025-11-11,DROPPED_NO_SECTOR_MAP,,,,
PIIND,2025-08-12,DROPPED_NO_SECTOR_MAP,,,,
PIIND,2025-05-19,DROPPED_NO_SECTOR_MAP,,,,
PIIND,2025-02-06,DROPPED_NO_SECTOR_MAP,,,,
PIIND,2024-11-13,DROPPED_NO_SECTOR_MAP,,,,
PNB,2026-01-19,CANDIDATE,1.9401115814294485,,LONG,BANKNIFTY
PNB,2025-10-18,DROPPED_INSUFFICIENT_BASELINE,,,,
PNB,2025-07-30,DROPPED_NO_TRIGGER,-1.4975877434534335,,,
PNB,2025-05-07,DROPPED_NO_TRIGGER,-0.022164817754524058,,,
PNB,2025-01-31,CANDIDATE,1.5965677325593295,,LONG,BANKNIFTY
PNBHOUSING,2026-04-20,DROPPED_NO_SECTOR_MAP,,,,
PNBHOUSING,2026-01-21,DROPPED_NO_SECTOR_MAP,,,,
PNBHOUSING,2025-10-27,DROPPED_NO_SECTOR_MAP,,,,
PNBHOUSING,2025-07-21,DROPPED_NO_SECTOR_MAP,,,,
PNBHOUSING,2025-04-28,DROPPED_NO_SECTOR_MAP,,,,
PNBHOUSING,2025-01-21,DROPPED_PIT_MISS,,,,
POLICYBZR,2026-02-02,DROPPED_NO_TRIGGER,-0.14230614522666488,,,
POLICYBZR,2025-10-29,DROPPED_NO_TRIGGER,-0.09150028868099913,,,
POLICYBZR,2025-07-31,DROPPED_NO_TRIGGER,0.5160606692829498,,,
POLICYBZR,2025-05-15,DROPPED_NO_TRIGGER,-0.4814730258645286,,,
POLICYBZR,2025-01-30,DROPPED_NO_TRIGGER,0.4156966515592673,,,
POLICYBZR,2024-11-05,DROPPED_PIT_MISS,,,,
POLYCAB,2026-01-16,DROPPED_NO_SECTOR_MAP,,,,
POLYCAB,2025-10-17,DROPPED_NO_SECTOR_MAP,,,,
POLYCAB,2025-07-17,DROPPED_NO_SECTOR_MAP,,,,
POLYCAB,2025-05-06,DROPPED_NO_SECTOR_MAP,,,,
POLYCAB,2025-01-22,DROPPED_NO_SECTOR_MAP,,,,
POWERGRID,2026-01-30,DROPPED_NO_TRIGGER,0.4852644004168651,,,
POWERGRID,2025-11-03,DROPPED_NO_TRIGGER,1.2655664758331668,,,
POWERGRID,2025-07-30,DROPPED_NO_TRIGGER,0.6353300736658823,,,
POWERGRID,2025-05-19,CANDIDATE,-2.047536318091137,,SHORT,NIFTYENERGY
POWERGRID,2025-02-03,DROPPED_NO_TRIGGER,0.2371845171906879,,,
POWERGRID,2024-11-06,DROPPED_NO_TRIGGER,0.3557986447549901,,,
POWERINDIA,2026-02-05,DROPPED_NO_SECTOR_MAP,,,,
POWERINDIA,2025-11-03,DROPPED_NO_SECTOR_MAP,,,,
POWERINDIA,2025-07-30,DROPPED_PIT_MISS,,,,
POWERINDIA,2025-05-14,DROPPED_PIT_MISS,,,,
POWERINDIA,2025-01-29,DROPPED_PIT_MISS,,,,
PPLPHARMA,2026-01-28,DROPPED_NO_TRIGGER,-0.5871601206851089,,,
PPLPHARMA,2025-11-05,DROPPED_INSUFFICIENT_BASELINE,,,,
PPLPHARMA,2025-07-28,DROPPED_NO_TRIGGER,-0.6574516498873813,,,
PPLPHARMA,2025-05-14,DROPPED_PIT_MISS,,,,
PPLPHARMA,2025-01-28,DROPPED_PIT_MISS,,,,
PREMIERENE,2026-01-22,DROPPED_NO_SECTOR_MAP,,,,
PREMIERENE,2025-10-28,DROPPED_PIT_MISS,,,,
PREMIERENE,2025-07-26,DROPPED_PIT_MISS,,,,
PREMIERENE,2025-05-17,DROPPED_PIT_MISS,,,,
PREMIERENE,2025-02-03,DROPPED_PIT_MISS,,,,
PREMIERENE,2024-11-08,DROPPED_PIT_MISS,,,,
PRESTIGE,2026-01-29,DROPPED_NO_TRIGGER,-0.7650004729881003,,,
PRESTIGE,2025-11-12,DROPPED_NO_TRIGGER,1.2528230989491358,,,
PRESTIGE,2025-08-05,DROPPED_NO_TRIGGER,-0.5817897512363468,,,
PRESTIGE,2025-05-29,DROPPED_NO_TRIGGER,0.5930004867028499,,,
PRESTIGE,2025-01-30,EXCLUDED_MACRO,-1.5988461473662638,SECTOR_T,,
RBLBANK,2026-04-25,DROPPED_INSUFFICIENT_BASELINE,,,,
RBLBANK,2026-01-17,DROPPED_INSUFFICIENT_BASELINE,,,,
RBLBANK,2025-10-18,DROPPED_INSUFFICIENT_BASELINE,,,,
RBLBANK,2025-07-19,DROPPED_INSUFFICIENT_BASELINE,,,,
RBLBANK,2025-04-25,DROPPED_NO_TRIGGER,-0.42218684319440036,,,
RBLBANK,2025-01-18,DROPPED_INSUFFICIENT_BASELINE,,,,
RECLTD,2026-01-29,DROPPED_NO_SECTOR_MAP,,,,
RECLTD,2025-10-17,DROPPED_NO_SECTOR_MAP,,,,
RECLTD,2025-07-24,DROPPED_NO_SECTOR_MAP,,,,
RECLTD,2025-05-08,DROPPED_NO_SECTOR_MAP,,,,
RECLTD,2025-02-06,DROPPED_NO_SECTOR_MAP,,,,
RELIANCE,2026-04-24,DROPPED_INSUFFICIENT_BASELINE,,,,
RELIANCE,2026-01-16,CANDIDATE,-1.6111641712558515,,SHORT,NIFTYENERGY
RELIANCE,2025-10-17,DROPPED_NO_TRIGGER,0.051756088169368795,,,
RELIANCE,2025-07-18,DROPPED_NO_TRIGGER,-0.9301413933264433,,,
RELIANCE,2025-04-25,DROPPED_NO_TRIGGER,-0.6022875535356612,,,
RELIANCE,2025-01-16,DROPPED_NO_TRIGGER,1.3131470895780633,,,
RVNL,2026-02-05,DROPPED_NO_SECTOR_MAP,,,,
RVNL,2025-11-11,DROPPED_NO_SECTOR_MAP,,,,
RVNL,2025-08-12,DROPPED_NO_SECTOR_MAP,,,,
RVNL,2025-05-21,DROPPED_PIT_MISS,,,,
RVNL,2025-02-14,DROPPED_PIT_MISS,,,,
RVNL,2024-11-07,DROPPED_PIT_MISS,,,,
SAIL,2026-01-30,DROPPED_NO_TRIGGER,0.4480192170592128,,,
SAIL,2025-10-29,DROPPED_NO_TRIGGER,-0.9158282216993487,,,
SAIL,2025-07-25,DROPPED_NO_TRIGGER,-0.2755933446175595,,,
SAIL,2025-05-28,DROPPED_NO_TRIGGER,0.06570323934451087,,,
SAIL,2025-02-11,DROPPED_NO_TRIGGER,1.1065252999849475,,,
SAIL,2024-11-07,DROPPED_NO_TRIGGER,-0.6928913698363138,,,
SAMMAANCAP,2026-02-04,DROPPED_NO_SECTOR_MAP,,,,
SAMMAANCAP,2025-10-31,DROPPED_NO_SECTOR_MAP,,,,
SAMMAANCAP,2025-08-13,DROPPED_PIT_MISS,,,,
SAMMAANCAP,2025-05-16,DROPPED_PIT_MISS,,,,
SAMMAANCAP,2025-02-11,DROPPED_PIT_MISS,,,,
SAMMAANCAP,2024-11-14,DROPPED_PIT_MISS,,,,
SBICARD,2026-01-28,DROPPED_NO_SECTOR_MAP,,,,
SBICARD,2025-10-24,DROPPED_NO_SECTOR_MAP,,,,
SBICARD,2025-07-25,DROPPED_NO_SECTOR_MAP,,,,
SBICARD,2025-04-24,DROPPED_NO_SECTOR_MAP,,,,
SBICARD,2025-01-28,DROPPED_NO_SECTOR_MAP,,,,
SBILIFE,2026-04-22,DROPPED_NO_SECTOR_MAP,,,,
SBILIFE,2026-01-28,DROPPED_NO_SECTOR_MAP,,,,
SBILIFE,2025-10-24,DROPPED_NO_SECTOR_MAP,,,,
SBILIFE,2025-07-24,DROPPED_NO_SECTOR_MAP,,,,
SBILIFE,2025-04-24,DROPPED_NO_SECTOR_MAP,,,,
SBILIFE,2025-01-17,DROPPED_NO_SECTOR_MAP,,,,
SBIN,2026-02-07,DROPPED_INSUFFICIENT_BASELINE,,,,
SBIN,2025-11-04,CANDIDATE,2.421730742093647,,LONG,BANKNIFTY
SBIN,2025-08-08,DROPPED_NO_TRIGGER,0.8730816417402774,,,
SBIN,2025-05-03,DROPPED_INSUFFICIENT_BASELINE,,,,
SBIN,2025-02-06,DROPPED_NO_TRIGGER,0.22947664890263578,,,
SBIN,2024-11-08,DROPPED_NO_TRIGGER,0.15240833335868864,,,
SHREECEM,2026-02-06,DROPPED_NO_SECTOR_MAP,,,,
SHREECEM,2025-10-28,DROPPED_NO_SECTOR_MAP,,,,
SHREECEM,2025-08-04,DROPPED_NO_SECTOR_MAP,,,,
SHREECEM,2025-05-14,DROPPED_NO_SECTOR_MAP,,,,
SHREECEM,2025-01-30,DROPPED_NO_SECTOR_MAP,,,,
SHREECEM,2024-11-11,DROPPED_NO_SECTOR_MAP,,,,
SHRIRAMFIN,2026-04-24,DROPPED_NO_SECTOR_MAP,,,,
SHRIRAMFIN,2026-01-23,DROPPED_NO_SECTOR_MAP,,,,
SHRIRAMFIN,2025-10-31,DROPPED_NO_SECTOR_MAP,,,,
SHRIRAMFIN,2025-07-25,DROPPED_NO_SECTOR_MAP,,,,
SHRIRAMFIN,2025-04-25,DROPPED_NO_SECTOR_MAP,,,,
SHRIRAMFIN,2025-01-24,DROPPED_NO_SECTOR_MAP,,,,
SIEMENS,2026-02-06,DROPPED_NO_SECTOR_MAP,,,,
SIEMENS,2025-11-14,DROPPED_NO_SECTOR_MAP,,,,
SIEMENS,2025-08-08,DROPPED_NO_SECTOR_MAP,,,,
SIEMENS,2025-05-13,DROPPED_NO_SECTOR_MAP,,,,
SIEMENS,2025-02-12,DROPPED_NO_SECTOR_MAP,,,,
SOLARINDS,2026-02-03,DROPPED_NO_SECTOR_MAP,,,,
SOLARINDS,2025-11-10,DROPPED_NO_SECTOR_MAP,,,,
SOLARINDS,2025-08-07,DROPPED_NO_SECTOR_MAP,,,,
SOLARINDS,2025-05-20,DROPPED_NO_SECTOR_MAP,,,,
SOLARINDS,2025-02-05,DROPPED_NO_SECTOR_MAP,,,,
SOLARINDS,2024-11-13,DROPPED_PIT_MISS,,,,
SONACOMS,2026-01-23,DROPPED_NO_TRIGGER,1.2105071241561758,,,
SONACOMS,2025-10-27,DROPPED_NO_TRIGGER,0.13429867694434505,,,
SONACOMS,2025-08-04,EXCLUDED_MACRO,-1.8078604721135745,SECTOR_T,,
SONACOMS,2025-04-30,DROPPED_NO_TRIGGER,-0.21321005994279535,,,
SONACOMS,2025-01-23,DROPPED_NO_TRIGGER,-0.18739132016947355,,,
SRF,2026-01-20,DROPPED_NO_SECTOR_MAP,,,,
SRF,2025-10-27,DROPPED_NO_SECTOR_MAP,,,,
SRF,2025-07-23,DROPPED_NO_SECTOR_MAP,,,,
SRF,2025-05-12,DROPPED_NO_SECTOR_MAP,,,,
SRF,2025-01-29,DROPPED_NO_SECTOR_MAP,,,,
SUNPHARMA,2026-01-31,DROPPED_INSUFFICIENT_BASELINE,,,,
SUNPHARMA,2025-11-05,DROPPED_INSUFFICIENT_BASELINE,,,,
SUNPHARMA,2025-07-31,DROPPED_NO_TRIGGER,-1.4857605423277587,,,
SUNPHARMA,2025-05-22,DROPPED_NO_TRIGGER,1.1028426485830745,,,
SUNPHARMA,2025-01-31,CANDIDATE,-1.58296495505916,,SHORT,NIFTYPHARMA
SUPREMEIND,2026-01-21,DROPPED_NO_SECTOR_MAP,,,,
SUPREMEIND,2025-10-27,DROPPED_NO_SECTOR_MAP,,,,
SUPREMEIND,2025-07-24,DROPPED_NO_SECTOR_MAP,,,,
SUPREMEIND,2025-04-24,DROPPED_NO_SECTOR_MAP,,,,
SUPREMEIND,2025-01-20,DROPPED_NO_SECTOR_MAP,,,,
SUZLON,2026-02-05,DROPPED_NO_SECTOR_MAP,,,,
SUZLON,2025-11-04,DROPPED_NO_SECTOR_MAP,,,,
SUZLON,2025-08-12,DROPPED_PIT_MISS,,,,
SUZLON,2025-05-29,DROPPED_PIT_MISS,,,,
SUZLON,2025-01-28,DROPPED_PIT_MISS,,,,
SWIGGY,2026-01-29,DROPPED_NO_SECTOR_MAP,,,,
SWIGGY,2025-10-30,DROPPED_PIT_MISS,,,,
SWIGGY,2025-07-31,DROPPED_PIT_MISS,,,,
SWIGGY,2025-05-09,DROPPED_PIT_MISS,,,,
SWIGGY,2025-02-05,DROPPED_PIT_MISS,,,,
SWIGGY,2024-12-03,DROPPED_PIT_MISS,,,,
TATACONSUM,2026-01-27,DROPPED_NO_TRIGGER,-0.20223675657540638,,,
TATACONSUM,2025-11-03,DROPPED_NO_TRIGGER,0.028601630776264,,,
TATACONSUM,2025-07-23,DROPPED_NO_TRIGGER,1.1392862076940364,,,
TATACONSUM,2025-04-23,DROPPED_NO_TRIGGER,0.029299289262023003,,,
TATACONSUM,2025-01-30,DROPPED_NO_TRIGGER,1.3224520157787674,,,
TATAELXSI,2026-04-21,DROPPED_NO_TRIGGER,-0.1563918460834879,,,
TATAELXSI,2026-01-13,CANDIDATE,2.6209756903451153,,LONG,NIFTYIT
TATAELXSI,2025-10-09,DROPPED_NO_TRIGGER,-0.33827592140381746,,,
TATAELXSI,2025-07-10,DROPPED_NO_TRIGGER,-0.5567053212342643,,,
TATAELXSI,2025-04-17,DROPPED_NO_TRIGGER,0.25200782536741556,,,
TATAELXSI,2025-01-09,DROPPED_NO_TRIGGER,-1.0554671931380541,,,
TATAPOWER,2026-02-04,EXCLUDED_MACRO,2.672947042806721,SECTOR_T,,
TATAPOWER,2025-11-11,DROPPED_NO_TRIGGER,-0.8902237562501613,,,
TATAPOWER,2025-08-01,DROPPED_NO_TRIGGER,0.6164146712580781,,,
TATAPOWER,2025-05-14,DROPPED_NO_TRIGGER,0.6177210669907208,,,
TATAPOWER,2025-02-04,DROPPED_NO_TRIGGER,1.0780412354772513,,,
TATASTEEL,2026-02-06,EXCLUDED_MACRO,2.3699241980699313,SECTOR_T1,,
TATASTEEL,2025-11-12,DROPPED_NO_TRIGGER,0.25099525364148123,,,
TATASTEEL,2025-07-30,DROPPED_NO_TRIGGER,-0.6699822215181849,,,
TATASTEEL,2025-05-12,DROPPED_NO_TRIGGER,1.4666578923928917,,,
TATASTEEL,2025-01-27,DROPPED_NO_TRIGGER,-0.4803419685291026,,,
TATASTEEL,2024-11-06,DROPPED_NO_TRIGGER,-0.264883994121439,,,
TATATECH,2026-01-16,DROPPED_NO_TRIGGER,-0.8591034776533418,,,
TATATECH,2025-10-17,DROPPED_NO_TRIGGER,-0.7716813378622204,,,
TATATECH,2025-07-14,DROPPED_NO_TRIGGER,0.05219501412155765,,,
TATATECH,2025-04-25,DROPPED_NO_TRIGGER,0.7250161693725506,,,
TATATECH,2025-01-21,DROPPED_PIT_MISS,,,,
TCS,2026-04-09,EXCLUDED_MACRO,2.0992099765801613,SECTOR_T1,,
TCS,2026-01-12,DROPPED_NO_TRIGGER,0.6451113987579105,,,
TCS,2025-10-09,DROPPED_NO_TRIGGER,0.3360529365657258,,,
TCS,2025-07-10,DROPPED_NO_TRIGGER,-0.12363628386305058,,,
TCS,2025-04-10,DROPPED_INSUFFICIENT_BASELINE,,,,
TCS,2025-01-09,DROPPED_NO_TRIGGER,0.08884506304645852,,,
TECHM,2026-04-22,DROPPED_NO_TRIGGER,-0.09949535031240869,,,
TECHM,2026-01-16,DROPPED_NO_TRIGGER,0.8013567433247529,,,
TECHM,2025-10-14,DROPPED_NO_TRIGGER,-0.5058281229339129,,,
TECHM,2025-07-16,DROPPED_NO_TRIGGER,-0.07526590182208398,,,
TECHM,2025-04-24,DROPPED_NO_TRIGGER,-1.0778035858223374,,,
TECHM,2025-01-17,EXCLUDED_MACRO,3.3494156800312473,SECTOR_T,,
TIINDIA,2026-02-04,DROPPED_NO_SECTOR_MAP,,,,
TIINDIA,2025-11-05,DROPPED_NO_SECTOR_MAP,,,,
TIINDIA,2025-08-01,DROPPED_NO_SECTOR_MAP,,,,
TIINDIA,2025-05-15,DROPPED_NO_SECTOR_MAP,,,,
TIINDIA,2025-02-03,DROPPED_NO_SECTOR_MAP,,,,
TIINDIA,2024-11-04,DROPPED_PIT_MISS,,,,
TITAN,2026-02-10,DROPPED_NO_SECTOR_MAP,,,,
TITAN,2025-11-03,DROPPED_NO_SECTOR_MAP,,,,
TITAN,2025-08-07,DROPPED_NO_SECTOR_MAP,,,,
TITAN,2025-05-08,DROPPED_NO_SECTOR_MAP,,,,
TITAN,2025-02-04,DROPPED_NO_SECTOR_MAP,,,,
TITAN,2024-11-05,DROPPED_NO_SECTOR_MAP,,,,
TMPV,2026-02-05,DROPPED_INSUFFICIENT_BASELINE,,,,
TMPV,2025-11-14,DROPPED_INSUFFICIENT_BASELINE,,,,
TMPV,2025-08-08,DROPPED_PIT_MISS,,,,
TMPV,2025-05-13,DROPPED_PIT_MISS,,,,
TMPV,2025-01-29,DROPPED_PIT_MISS,,,,
TMPV,2024-11-08,DROPPED_PIT_MISS,,,,
TORNTPHARM,2026-02-13,DROPPED_NO_TRIGGER,0.08450125815280425,,,
TORNTPHARM,2025-11-07,DROPPED_NO_TRIGGER,0.8244021322851046,,,
TORNTPHARM,2025-07-28,DROPPED_NO_TRIGGER,0.9674711417450234,,,
TORNTPHARM,2025-05-20,DROPPED_NO_TRIGGER,-0.09686258727691179,,,
TORNTPHARM,2025-01-24,DROPPED_NO_TRIGGER,-0.4978968575679899,,,
TORNTPOWER,2026-02-10,DROPPED_NO_TRIGGER,0.7331949872492235,,,
TORNTPOWER,2025-11-11,DROPPED_NO_TRIGGER,0.2856527606571762,,,
TORNTPOWER,2025-08-05,DROPPED_NO_TRIGGER,0.07081889278364549,,,
TORNTPOWER,2025-05-14,DROPPED_NO_TRIGGER,-0.7580110335811249,,,
TORNTPOWER,2025-02-04,DROPPED_NO_TRIGGER,-0.09722268204255097,,,
TORNTPOWER,2024-11-13,DROPPED_PIT_MISS,,,,
TRENT,2026-04-22,DROPPED_NO_SECTOR_MAP,,,,
TRENT,2026-02-04,DROPPED_NO_SECTOR_MAP,,,,
TRENT,2025-11-07,DROPPED_NO_SECTOR_MAP,,,,
TRENT,2025-08-06,DROPPED_NO_SECTOR_MAP,,,,
TRENT,2025-04-29,DROPPED_NO_SECTOR_MAP,,,,
TRENT,2025-02-06,DROPPED_NO_SECTOR_MAP,,,,
TRENT,2024-11-07,DROPPED_NO_SECTOR_MAP,,,,
TVSMOTOR,2026-01-28,DROPPED_NO_SECTOR_MAP,,,,
TVSMOTOR,2025-10-28,DROPPED_NO_SECTOR_MAP,,,,
TVSMOTOR,2025-07-31,DROPPED_NO_SECTOR_MAP,,,,
TVSMOTOR,2025-04-28,DROPPED_NO_SECTOR_MAP,,,,
TVSMOTOR,2025-01-28,DROPPED_NO_SECTOR_MAP,,,,
ULTRACEMCO,2026-01-24,DROPPED_NO_SECTOR_MAP,,,,
ULTRACEMCO,2025-10-18,DROPPED_NO_SECTOR_MAP,,,,
ULTRACEMCO,2025-07-21,DROPPED_NO_SECTOR_MAP,,,,
ULTRACEMCO,2025-04-28,DROPPED_NO_SECTOR_MAP,,,,
ULTRACEMCO,2025-01-23,DROPPED_NO_SECTOR_MAP,,,,
ULTRACEMCO,2025-01-21,DROPPED_NO_SECTOR_MAP,,,,
UNIONBANK,2026-04-23,DROPPED_INSUFFICIENT_BASELINE,,,,
UNIONBANK,2026-01-14,CANDIDATE,2.139695909437299,,LONG,BANKNIFTY
UNIONBANK,2025-10-30,DROPPED_NO_TRIGGER,0.44219358834997635,,,
UNIONBANK,2025-07-19,DROPPED_INSUFFICIENT_BASELINE,,,,
UNIONBANK,2025-05-08,DROPPED_NO_TRIGGER,0.11253433639707244,,,
UNIONBANK,2025-01-27,DROPPED_NO_TRIGGER,0.5124061102815692,,,
UNITDSPR,2026-01-20,DROPPED_NO_TRIGGER,0.3403470866979914,,,
UNITDSPR,2025-10-30,DROPPED_NO_TRIGGER,0.05479033748288225,,,
UNITDSPR,2025-08-13,DROPPED_NO_TRIGGER,0.1110486857789899,,,
UNITDSPR,2025-05-20,DROPPED_NO_TRIGGER,-0.39143318937453997,,,
UNITDSPR,2025-01-23,DROPPED_INSUFFICIENT_BASELINE,,,,
UNOMINDA,2026-02-05,DROPPED_NO_TRIGGER,-0.5249607258126997,,,
UNOMINDA,2025-11-07,DROPPED_NO_TRIGGER,1.2933361044964156,,,
UNOMINDA,2025-08-06,DROPPED_NO_TRIGGER,-0.5369690627807522,,,
UNOMINDA,2025-05-21,DROPPED_PIT_MISS,,,,
UNOMINDA,2025-02-06,DROPPED_PIT_MISS,,,,
UNOMINDA,2024-11-12,DROPPED_PIT_MISS,,,,
UPL,2026-02-02,DROPPED_NO_SECTOR_MAP,,,,
UPL,2025-11-06,DROPPED_NO_SECTOR_MAP,,,,
UPL,2025-08-01,DROPPED_NO_SECTOR_MAP,,,,
UPL,2025-07-28,DROPPED_NO_SECTOR_MAP,,,,
UPL,2025-05-12,DROPPED_NO_SECTOR_MAP,,,,
UPL,2025-01-31,DROPPED_NO_SECTOR_MAP,,,,
UPL,2024-11-11,DROPPED_NO_SECTOR_MAP,,,,
VBL,2026-02-03,DROPPED_NO_TRIGGER,0.5551966074992953,,,
VBL,2025-10-29,DROPPED_NO_TRIGGER,-0.026720705057176327,,,
VBL,2025-07-29,DROPPED_NO_TRIGGER,0.5665198048405994,,,
VBL,2025-04-30,CANDIDATE,-1.5119500453514942,,SHORT,NIFTYFMCG
VBL,2025-02-10,DROPPED_NO_TRIGGER,1.3395153787896006,,,
VEDL,2026-01-29,DROPPED_NO_TRIGGER,-0.9584341408729246,,,
VEDL,2025-10-31,CANDIDATE,1.6095946619180577,,LONG,NIFTYMETAL
VEDL,2025-07-31,DROPPED_NO_TRIGGER,-0.7118984876785133,,,
VEDL,2025-04-30,DROPPED_NO_TRIGGER,0.4449941406975288,,,
VEDL,2025-01-31,DROPPED_NO_TRIGGER,-1.3411040919588508,,,
VEDL,2024-11-08,DROPPED_NO_TRIGGER,-1.1306638790677177,,,
VMM,2026-01-27,DROPPED_PIT_MISS,,,,
VMM,2025-11-13,DROPPED_PIT_MISS,,,,
VMM,2025-08-13,DROPPED_PIT_MISS,,,,
VMM,2025-04-29,DROPPED_PIT_MISS,,,,
VMM,2025-01-31,DROPPED_PIT_MISS,,,,
VOLTAS,2026-01-29,DROPPED_NO_SECTOR_MAP,,,,
VOLTAS,2025-11-13,DROPPED_NO_SECTOR_MAP,,,,
VOLTAS,2025-08-08,DROPPED_NO_SECTOR_MAP,,,,
VOLTAS,2025-05-07,DROPPED_NO_SECTOR_MAP,,,,
VOLTAS,2025-01-29,DROPPED_NO_SECTOR_MAP,,,,
WAAREEENER,2026-01-21,DROPPED_NO_SECTOR_MAP,,,,
WAAREEENER,2025-10-16,DROPPED_PIT_MISS,,,,
WAAREEENER,2025-07-28,DROPPED_PIT_MISS,,,,
WAAREEENER,2025-04-22,DROPPED_PIT_MISS,,,,
WAAREEENER,2025-01-30,DROPPED_PIT_MISS,,,,
WAAREEENER,2024-11-18,DROPPED_PIT_MISS,,,,
WIPRO,2026-04-16,DROPPED_NO_TRIGGER,0.8952624883553354,,,
WIPRO,2026-01-16,DROPPED_NO_TRIGGER,-0.9772130104744874,,,
WIPRO,2025-10-16,DROPPED_NO_TRIGGER,-0.23348692324224277,,,
WIPRO,2025-07-17,DROPPED_NO_TRIGGER,-1.287024969170127,,,
WIPRO,2025-04-16,DROPPED_NO_TRIGGER,-1.19748011727311,,,
WIPRO,2025-01-17,DROPPED_NO_TRIGGER,1.2060275429900942,,,
YESBANK,2026-04-18,DROPPED_INSUFFICIENT_BASELINE,,,,
YESBANK,2026-01-17,DROPPED_INSUFFICIENT_BASELINE,,,,
YESBANK,2025-10-18,DROPPED_INSUFFICIENT_BASELINE,,,,
YESBANK,2025-07-19,DROPPED_INSUFFICIENT_BASELINE,,,,
YESBANK,2025-04-19,DROPPED_INSUFFICIENT_BASELINE,,,,
YESBANK,2025-01-25,DROPPED_INSUFFICIENT_BASELINE,,,,
ZYDUSLIFE,2026-02-09,DROPPED_NO_TRIGGER,-0.27782569798987383,,,
ZYDUSLIFE,2025-11-06,DROPPED_NO_TRIGGER,-0.7861735441402644,,,
ZYDUSLIFE,2025-08-12,DROPPED_NO_TRIGGER,0.4588960376211621,,,
ZYDUSLIFE,2025-05-20,DROPPED_NO_TRIGGER,0.05184281565505507,,,
ZYDUSLIFE,2025-02-05,DROPPED_NO_TRIGGER,1.1458753960756514,,,
ZYDUSLIFE,2024-11-12,DROPPED_NO_TRIGGER,-0.8568255564957582,,,
