ticker,date,time,regime,days_in_regime,expected_return,actual_return,z_score,classification,action,pcr,pcr_class,oi_anomaly,oi_anomaly_type,trade_rec,trade_detail,event_geometry,direction_tested,direction_intended,direction_consistent,regime_zone,signal_id,actual_pnl_pct,actual_open_time_ist,actual_close_time_ist,actual_side,source,regime_history_value,open_price,peak_price,peak_minute,trough_price,trough_minute,close_price_15_30,price_at_14_30,peak_pct,trough_pct,close_pct,pct_at_14_30,range_first_15min,range_first_30min,peak_in_first_15min,trough_in_first_15min,validation,shape,cf_grid_avg_pnl_pct,cf_grid_avg_win,cf_best_grid_pnl_pct,cf_entry_0915_pnl_pct,cf_entry_0915_exit_reason,cf_entry_0915_exit_minute,cf_entry_0920_pnl_pct,cf_entry_0920_exit_reason,cf_entry_0920_exit_minute,cf_entry_0925_pnl_pct,cf_entry_0925_exit_reason,cf_entry_0925_exit_minute,cf_entry_0930_pnl_pct,cf_entry_0930_exit_reason,cf_entry_0930_exit_minute,cf_entry_0945_pnl_pct,cf_entry_0945_exit_reason,cf_entry_0945_exit_minute
LTM,2026-04-24,13:15:51,CAUTION,1,-0.4,-4.21,-12.01,POSSIBLE_OPPORTUNITY,HOLD,1.05,NEUTRAL,False,,,,OVERSHOOT,FADE,NEUTRAL,,,MISSED-2026-04-24-LTM-POSSIBLE_OPPORTUNITY,,,,,missed,,4440.0,4477.9,4.0,4242.0,172.0,4307.0,4306.1,0.8536036036035954,-4.45945945945946,-2.9954954954954953,-3.0157657657657575,2.3513513513513433,2.759009009009009,True,False,OK,REVERSE_V_HIGH,,False,,,,,,,,,,,,,,,,
LTM,2026-04-25,14:45:45,CAUTION,1,-0.4,-3.55,-9.93,POSSIBLE_OPPORTUNITY,HOLD,0.95,NEUTRAL,False,,,,OVERSHOOT,FADE,NEUTRAL,,,MISSED-2026-04-25-LTM-POSSIBLE_OPPORTUNITY,,,,,missed,,,,,,,,,,,,,,,,,BARS_INSUFFICIENT,INVALID,,False,,,,,,,,,,,,,,,,
HCLTECH,2026-04-24,14:15:37,CAUTION,1,-0.88,-5.21,-7.52,OPPORTUNITY_OVERSHOOT,ALERT,0.44,BEARISH,False,,,,OVERSHOOT,FADE,NEUTRAL,False,,MISSED-2026-04-24-HCLTECH-OPPORTUNITY_OVERSHOOT,,,,,missed,,1264.4,1254.0,2.0,1199.1,284.0,1202.5,1202.8,-0.822524517557742,-5.164504903511561,-4.89560265738691,-4.871875988611209,2.198671306548557,2.7443846883897534,True,False,OK,ONE_WAY_DOWN,,False,,,,,,,,,,,,,,,,
HCLTECH,2026-04-25,10:45:38,CAUTION,1,-0.88,-4.84,-6.87,OPPORTUNITY_OVERSHOOT,ALERT,0.42,BEARISH,False,,,,OVERSHOOT,FADE,NEUTRAL,False,,MISSED-2026-04-25-HCLTECH-OPPORTUNITY_OVERSHOOT,,,,,missed,,,,,,,,,,,,,,,,,BARS_INSUFFICIENT,INVALID,,False,,,,,,,,,,,,,,,,
ADANIGREEN,2026-04-24,12:45:36,CAUTION,1,-0.44,-5.67,-6.45,OPPORTUNITY_OVERSHOOT,ALERT,0.79,MILD_BEAR,False,,,,OVERSHOOT,FADE,NEUTRAL,False,,MISSED-2026-04-24-ADANIGREEN-OPPORTUNITY_OVERSHOOT,,,,,missed,,1222.0,1251.1,336.0,1151.25,191.0,1232.0,1239.0,2.3813420621931187,-5.789689034369886,0.8183306055646481,1.3911620294599019,3.23240589198036,4.746317512274959,False,False,OK,CHOPPY,,False,,,,,,,,,,,,,,,,
TECHM,2026-04-24,13:33:36,CAUTION,1,-0.18,-4.13,-6.18,OPPORTUNITY_OVERSHOOT,ALERT,0.69,BEARISH,False,,,,OVERSHOOT,FADE,NEUTRAL,False,,MISSED-2026-04-24-TECHM-OPPORTUNITY_OVERSHOOT,,,,,missed,,1407.1,1424.6,4.0,1348.6,356.0,1362.4,1355.1,1.2436927013005472,-4.157487030061829,-3.176746499893385,-3.695544026721626,1.4711107952526505,2.608201265013151,True,False,OK,REVERSE_V_HIGH,,False,,,,,,,,,,,,,,,,
MPHASIS,2026-04-24,14:00:53,CAUTION,1,-0.81,-5.89,-5.98,OPPORTUNITY_OVERSHOOT,ALERT,0.79,MILD_BEAR,False,,,,OVERSHOOT,FADE,NEUTRAL,False,,MISSED-2026-04-24-MPHASIS-OPPORTUNITY_OVERSHOOT,,,,,missed,,2266.0,2280.9,4.0,2134.1,289.0,2177.0,2140.0,0.6575463371579917,-5.820829655781116,-3.9276257722859667,-5.560458958517211,1.6328331862312444,2.9523389232126935,True,False,OK,REVERSE_V_HIGH,,False,,,,,,,,,,,,,,,,
INFY,2026-04-24,15:18:36,CAUTION,1,-0.26,-3.88,-5.75,OPPORTUNITY_OVERSHOOT,ALERT,0.84,MILD_BEAR,False,,,,OVERSHOOT,FADE,NEUTRAL,False,,MISSED-2026-04-24-INFY-OPPORTUNITY_OVERSHOOT,,,,,missed,,1200.0,1219.1,1.0,1153.2,356.0,1154.8,1154.3,1.591666666666659,-3.8999999999999964,-3.7666666666666706,-3.808333333333337,2.0750000000000077,2.0750000000000077,True,False,OK,REVERSE_V_HIGH,,False,,,,,,,,,,,,,,,,
INFY,2026-04-25,15:30:41,CAUTION,1,-0.26,-3.78,-5.6,OPPORTUNITY_OVERSHOOT,ALERT,0.83,MILD_BEAR,False,,,,OVERSHOOT,FADE,NEUTRAL,False,,MISSED-2026-04-25-INFY-OPPORTUNITY_OVERSHOOT,,,,,missed,,,,,,,,,,,,,,,,,BARS_INSUFFICIENT,INVALID,,False,,,,,,,,,,,,,,,,
INFY,2026-04-24,14:15:37,CAUTION,1,-0.26,-3.75,-5.54,POSSIBLE_OPPORTUNITY,HOLD,0.93,NEUTRAL,False,,,,OVERSHOOT,FADE,NEUTRAL,,,MISSED-2026-04-24-INFY-POSSIBLE_OPPORTUNITY,,,,,missed,,1200.0,1219.1,1.0,1153.2,356.0,1154.8,1154.3,1.591666666666659,-3.8999999999999964,-3.7666666666666706,-3.808333333333337,2.0750000000000077,2.0750000000000077,True,False,OK,REVERSE_V_HIGH,,False,,,,,,,,,,,,,,,,
TECHM,2026-04-25,12:15:40,CAUTION,1,-0.18,-3.45,-5.12,OPPORTUNITY_OVERSHOOT,ALERT,0.71,MILD_BEAR,False,,,,OVERSHOOT,FADE,NEUTRAL,False,,MISSED-2026-04-25-TECHM-OPPORTUNITY_OVERSHOOT,,,,,missed,,,,,,,,,,,,,,,,,BARS_INSUFFICIENT,INVALID,,False,,,,,,,,,,,,,,,,
PERSISTENT,2026-04-24,15:18:36,CAUTION,1,-0.36,-6.29,-4.22,OPPORTUNITY_OVERSHOOT,ALERT,0.64,BEARISH,False,,,,OVERSHOOT,FADE,NEUTRAL,False,,MISSED-2026-04-24-PERSISTENT-OPPORTUNITY_OVERSHOOT,,,,,missed,,5062.1,5079.0,4.0,4737.0,367.0,4744.0,4777.1,0.33385353904505316,-6.422235830979244,-6.283953300013835,-5.6300744750202485,1.6514885126726133,2.342901167499661,True,False,OK,ONE_WAY_DOWN,,False,,,,,,,,,,,,,,,,
PERSISTENT,2026-04-25,15:15:47,CAUTION,1,-0.36,-6.22,-4.17,OPPORTUNITY_OVERSHOOT,ALERT,0.63,BEARISH,False,,,,OVERSHOOT,FADE,NEUTRAL,False,,MISSED-2026-04-25-PERSISTENT-OPPORTUNITY_OVERSHOOT,,,,,missed,,,,,,,,,,,,,,,,,BARS_INSUFFICIENT,INVALID,,False,,,,,,,,,,,,,,,,
BHEL,2026-04-16,15:30:28,CAUTION,1,0.38,5.48,4.15,POSSIBLE_OPPORTUNITY,HOLD,,NEUTRAL,False,,,,,,,,CAUTION,MISSED-2026-04-16-BHEL-POSSIBLE_OPPORTUNITY,,,,,missed,CAUTION,294.37,312.26,364.0,293.1,172.0,310.2,295.78,6.07738560315249,-0.4314298332031055,5.3775860311852375,0.4789890274144676,1.012331419641934,1.012331419641934,False,False,OK,CHOPPY,,False,,,,,,,,,,,,,,,,
ADANIGREEN,2026-04-24,11:03:40,CAUTION,1,-0.44,-3.7,-4.02,POSSIBLE_OPPORTUNITY,HOLD,0.9,NEUTRAL,False,,,,OVERSHOOT,FADE,NEUTRAL,,,MISSED-2026-04-24-ADANIGREEN-POSSIBLE_OPPORTUNITY,,,,,missed,,1222.0,1251.1,336.0,1151.25,191.0,1232.0,1239.0,2.3813420621931187,-5.789689034369886,0.8183306055646481,1.3911620294599019,3.23240589198036,4.746317512274959,False,False,OK,CHOPPY,,False,,,,,,,,,,,,,,,,
MPHASIS,2026-04-24,11:48:05,CAUTION,1,-0.81,-4.12,-3.91,POSSIBLE_OPPORTUNITY,HOLD,0.93,NEUTRAL,False,,,,OVERSHOOT,FADE,NEUTRAL,,,MISSED-2026-04-24-MPHASIS-POSSIBLE_OPPORTUNITY,,,,,missed,,2266.0,2280.9,4.0,2134.1,289.0,2177.0,2140.0,0.6575463371579917,-5.820829655781116,-3.9276257722859667,-5.560458958517211,1.6328331862312444,2.9523389232126935,True,False,OK,REVERSE_V_HIGH,,False,,,,,,,,,,,,,,,,
MPHASIS,2026-04-25,14:00:48,CAUTION,1,-0.81,-3.98,-3.74,OPPORTUNITY_OVERSHOOT,ALERT,0.81,MILD_BEAR,False,,,,OVERSHOOT,FADE,NEUTRAL,False,,MISSED-2026-04-25-MPHASIS-OPPORTUNITY_OVERSHOOT,,,,,missed,,,,,,,,,,,,,,,,,BARS_INSUFFICIENT,INVALID,,False,,,,,,,,,,,,,,,,
TCS,2026-04-24,14:15:37,CAUTION,1,-0.76,-3.85,-3.72,OPPORTUNITY_OVERSHOOT,ALERT,0.51,BEARISH,False,,,,OVERSHOOT,FADE,NEUTRAL,False,,MISSED-2026-04-24-TCS-OPPORTUNITY_OVERSHOOT,,,,,missed,,2488.0,2502.4,4.0,2389.9,293.0,2401.0,2399.3,0.5787781350482352,-3.9429260450160735,-3.4967845659163985,-3.565112540192919,1.3143086816720184,1.4750803858520827,True,False,OK,REVERSE_V_HIGH,,False,,,,,,,,,,,,,,,,
TCS,2026-04-25,10:00:37,CAUTION,1,-0.76,-3.66,-3.49,OPPORTUNITY_OVERSHOOT,ALERT,0.5,BEARISH,False,,,,OVERSHOOT,FADE,NEUTRAL,False,,MISSED-2026-04-25-TCS-OPPORTUNITY_OVERSHOOT,,,,,missed,,,,,,,,,,,,,,,,,BARS_INSUFFICIENT,INVALID,,False,,,,,,,,,,,,,,,,
LAURUSLABS,2026-04-24,09:48:07,CAUTION,1,-2.74,0.56,3.26,OPPORTUNITY_LAG,ADD,0.64,BEARISH,False,,SHORT,"{'direction': 'SHORT', 'entry': 'market', 'stop_pct': 1.52, 'target_pct': -8.23, 'hold_days': 3, 'size_inr': 50000}",LAG,FADE,FOLLOW,True,,MISSED-2026-04-24-LAURUSLABS-OPPORTUNITY_LAG,,,,,missed,,1129.2,1137.0,34.0,1111.55,349.0,1114.85,1125.7,0.6907545164718344,-1.563053489195899,-1.2708111937655098,-0.3099539496989019,1.1335458731845514,1.2973786751682486,False,False,OK,ONE_WAY_DOWN,0.4667379773458188,True,0.8674210734886099,0.3496658256982291,TIME,315.0,-0.0311014351090893,TIME,310.0,0.4157820240622828,TIME,305.0,0.7319223985890613,TIME,300.0,0.8674210734886099,TIME,285.0
PERSISTENT,2026-04-24,12:45:36,CAUTION,1,-0.36,-4.88,-3.22,POSSIBLE_OPPORTUNITY,HOLD,0.91,NEUTRAL,False,,,,OVERSHOOT,FADE,NEUTRAL,,,MISSED-2026-04-24-PERSISTENT-POSSIBLE_OPPORTUNITY,,,,,missed,,5062.1,5079.0,4.0,4737.0,367.0,4744.0,4777.1,0.33385353904505316,-6.422235830979244,-6.283953300013835,-5.6300744750202485,1.6514885126726133,2.342901167499661,True,False,OK,ONE_WAY_DOWN,,False,,,,,,,,,,,,,,,,
PIIND,2026-04-16,13:45:34,CAUTION,1,1.52,-0.14,-3.17,POSSIBLE_OPPORTUNITY,HOLD,,NEUTRAL,False,,,,,,,,CAUTION,MISSED-2026-04-16-PIIND-POSSIBLE_OPPORTUNITY,,,,,missed,CAUTION,3097.7,3131.5,307.0,3038.2,46.0,3118.0,3118.7,1.0911321302902213,-1.9207799334990479,0.6553249184879163,0.6779223294702522,1.3203344416825418,1.7367724440714138,False,False,OK,ONE_WAY_UP,,False,,,,,,,,,,,,,,,,
ICICIGI,2026-04-16,12:45:28,CAUTION,1,0.1,1.93,3.13,POSSIBLE_OPPORTUNITY,HOLD,,NEUTRAL,False,,,,,,,,CAUTION,MISSED-2026-04-16-ICICIGI-POSSIBLE_OPPORTUNITY,,,,,missed,CAUTION,1867.2,1907.9,191.0,1845.0,7.0,1885.0,1884.5,2.179734361610971,-1.188946015424167,0.9532990574121655,0.9265209940017113,2.6456726649528752,2.6456726649528752,False,True,OK,V_LOW_RECOVERY,,False,,,,,,,,,,,,,,,,
PATANJALI,2026-04-16,13:15:37,CAUTION,1,-0.12,-1.47,-2.95,POSSIBLE_OPPORTUNITY,HOLD,,NEUTRAL,False,,,,,,,,CAUTION,MISSED-2026-04-16-PATANJALI-POSSIBLE_OPPORTUNITY,,,,,missed,CAUTION,470.0,468.35,1.0,461.05,44.0,465.0,464.15,-0.3510638297872292,-1.9042553191489338,-1.0638297872340425,-1.2446808510638345,1.340425531914896,1.7340425531914967,True,False,OK,CHOPPY,,False,,,,,,,,,,,,,,,,
CROMPTON,2026-04-24,11:48:05,CAUTION,1,-0.1,-2.42,-2.89,OPPORTUNITY_OVERSHOOT,ALERT,0.56,BEARISH,False,,,,OVERSHOOT,FADE,NEUTRAL,False,,MISSED-2026-04-24-CROMPTON-OPPORTUNITY_OVERSHOOT,,,,,missed,,254.63,255.31,7.0,248.38,157.0,250.3,250.51,0.2670541570121379,-2.4545418843027136,-1.700506617444914,-1.6180340101323507,1.4334524604327872,2.2581785335584965,True,False,OK,CHOPPY,,False,,,,,,,,,,,,,,,,
POLICYBZR,2026-04-16,15:30:28,CAUTION,1,1.14,4.7,2.86,POSSIBLE_OPPORTUNITY,HOLD,,NEUTRAL,False,,,,,,,,CAUTION,MISSED-2026-04-16-POLICYBZR-POSSIBLE_OPPORTUNITY,,,,,missed,CAUTION,1490.0,1561.8,368.0,1483.7,0.0,1560.0,1528.4,4.818791946308722,-0.42281879194630567,4.697986577181208,2.5771812080536973,0.8523489932885937,0.8523489932885937,False,True,OK,ONE_WAY_UP,,False,,,,,,,,,,,,,,,,
OBEROIRLTY,2026-04-16,13:01:58,CAUTION,1,1.37,-0.41,-2.79,POSSIBLE_OPPORTUNITY,HOLD,,NEUTRAL,False,,,,,,,,CAUTION,MISSED-2026-04-16-OBEROIRLTY-POSSIBLE_OPPORTUNITY,,,,,missed,CAUTION,1715.0,1736.6,2.0,1695.9,33.0,1714.0,1707.2,1.259475218658887,-1.1137026239067003,-0.05830903790087463,-0.4548104956268195,1.4635568513119481,2.320699708454808,True,False,OK,REVERSE_V_HIGH,,False,,,,,,,,,,,,,,,,
VBL,2026-04-16,15:30:28,CAUTION,1,0.38,4.19,2.79,POSSIBLE_OPPORTUNITY,HOLD,,NEUTRAL,False,,,,,,,,CAUTION,MISSED-2026-04-16-VBL-POSSIBLE_OPPORTUNITY,,,,,missed,CAUTION,446.55,465.45,373.0,446.55,44.0,465.25,452.5,4.232448773933485,0.0,4.187660956219905,1.332437576979059,1.4444071212630138,1.4444071212630138,False,False,OK,ONE_WAY_UP,,False,,,,,,,,,,,,,,,,
WIPRO,2026-04-24,10:30:59,CAUTION,1,-0.64,-2.35,-2.76,OPPORTUNITY_OVERSHOOT,ALERT,0.53,BEARISH,False,,,,OVERSHOOT,FADE,NEUTRAL,False,,MISSED-2026-04-24-WIPRO-OPPORTUNITY_OVERSHOOT,,,,,missed,,202.75,202.57,1.0,197.97,73.0,199.44,199.23,-0.08877928483354221,-2.357583230579532,-1.6325524044389654,-1.7361282367447646,0.8088779284833472,1.2823674475955582,True,False,OK,CHOPPY,,False,,,,,,,,,,,,,,,,
INFY,2026-04-23,15:30:45,NEUTRAL,1,-0.04,-1.77,-2.75,POSSIBLE_OPPORTUNITY,HOLD,0.97,NEUTRAL,False,,,,,,,,NEUTRAL,MISSED-2026-04-23-INFY-POSSIBLE_OPPORTUNITY,,,,,missed,NEUTRAL,1254.0,1263.4,1.0,1230.6,374.0,1230.6,1245.1,0.7496012759170726,-1.8660287081339786,-1.8660287081339786,-0.7097288676236118,1.16427432216907,1.2838915470494527,True,False,OK,REVERSE_V_HIGH,,False,,,,,,,,,,,,,,,,
NAM-INDIA,2026-04-24,15:15:58,CAUTION,1,-1.69,-6.17,-2.7,OPPORTUNITY_OVERSHOOT,ALERT,0.68,BEARISH,False,,,,OVERSHOOT,FADE,NEUTRAL,False,,MISSED-2026-04-24-NAM-INDIA-OPPORTUNITY_OVERSHOOT,,,,,missed,,1038.0,1044.0,0.0,973.8,350.0,989.65,990.55,0.5780346820809249,-6.1849710982659,-4.657996146435455,-4.5712909441233185,1.7292870905587712,3.6030828516377627,True,False,OK,REVERSE_V_HIGH,,False,,,,,,,,,,,,,,,,
COFORGE,2026-04-24,13:45:38,CAUTION,1,-0.75,-5.85,-2.65,OPPORTUNITY_OVERSHOOT,ALERT,0.78,MILD_BEAR,False,,,,OVERSHOOT,FADE,NEUTRAL,False,,MISSED-2026-04-24-COFORGE-OPPORTUNITY_OVERSHOOT,,,,,missed,,1211.0,1210.1,4.0,1140.0,234.0,1151.0,1148.1,-0.07431874483898357,-5.862923203963667,-4.95458298926507,-5.194054500412889,1.6763005780346782,2.5846407927332744,True,False,OK,CHOPPY,,False,,,,,,,,,,,,,,,,
GODFRYPHLP,2026-04-24,14:15:37,CAUTION,1,-0.23,-2.63,-2.56,OPPORTUNITY_OVERSHOOT,ALERT,0.34,BEARISH,False,,,,OVERSHOOT,FADE,NEUTRAL,False,,MISSED-2026-04-24-GODFRYPHLP-OPPORTUNITY_OVERSHOOT,,,,,missed,,2150.0,2175.0,3.0,2086.5,268.0,2115.0,2108.0,1.1627906976744187,-2.953488372093023,-1.627906976744186,-1.9534883720930232,1.920930232558148,1.920930232558148,True,False,OK,REVERSE_V_HIGH,,False,,,,,,,,,,,,,,,,
PNBHOUSING,2026-04-23,09:33:11,NEUTRAL,1,-2.04,0.55,2.54,POSSIBLE_OPPORTUNITY,HOLD,1.08,NEUTRAL,False,,,,,,,,NEUTRAL,MISSED-2026-04-23-PNBHOUSING-POSSIBLE_OPPORTUNITY,,,,,missed,NEUTRAL,981.5,1011.65,181.0,983.9,29.0,1003.45,1003.25,3.071828833418235,0.2445236882322952,2.236372898624559,2.2159959246051963,1.1665817626082573,1.1665817626082573,False,False,OK,CHOPPY,,False,,,,,,,,,,,,,,,,
ALKEM,2026-04-24,15:03:00,CAUTION,1,-0.23,-5.63,-2.53,POSSIBLE_OPPORTUNITY,HOLD,1.02,NEUTRAL,False,,,,OVERSHOOT,FADE,NEUTRAL,,,MISSED-2026-04-24-ALKEM-POSSIBLE_OPPORTUNITY,,,,,missed,,5572.5,5576.5,0.0,5204.5,372.0,5240.0,5378.0,0.07178106774338268,-6.6038582323912065,-5.966801256168686,-3.490354419021983,1.1305518169582773,1.1305518169582773,True,False,OK,CHOPPY,,False,,,,,,,,,,,,,,,,
TATAELXSI,2026-04-24,09:30:36,CAUTION,1,-1.16,0.33,2.42,OPPORTUNITY_LAG,ADD,0.41,BEARISH,False,,SHORT,"{'direction': 'SHORT', 'entry': 'market', 'stop_pct': 0.93, 'target_pct': -3.49, 'hold_days': 3, 'size_inr': 50000}",LAG,FADE,FOLLOW,True,,MISSED-2026-04-24-TATAELXSI-OPPORTUNITY_LAG,,,,,missed,,4233.5,4294.1,4.0,4167.0,297.0,4193.7,4180.3,1.4314397070981544,-1.5708042990433448,-0.9401204676981264,-1.2566434392346715,1.7290657848116173,1.9440179520491363,True,False,OK,REVERSE_V_HIGH,1.6217284504491443,True,2.263215730284543,1.349852507374627,TIME,315.0,2.263215730284543,TIME,310.0,2.043350908025772,TIME,305.0,1.5936911487758902,TIME,300.0,0.8585319577848883,TIME,285.0
SUNPHARMA,2026-04-24,13:33:36,CAUTION,1,-0.15,-3.13,-2.41,OPPORTUNITY_OVERSHOOT,ALERT,0.85,MILD_BEAR,False,,,,OVERSHOOT,FADE,NEUTRAL,False,,MISSED-2026-04-24-SUNPHARMA-OPPORTUNITY_OVERSHOOT,,,,,missed,,1670.4,1658.0,11.0,1616.6,217.0,1618.5,1625.7,-0.7423371647509632,-3.2207854406130374,-3.1070402298850626,-2.6760057471264393,1.933668582375476,1.933668582375476,True,False,OK,ONE_WAY_DOWN,,False,,,,,,,,,,,,,,,,
SAMMAANCAP,2026-04-23,09:48:06,NEUTRAL,1,-2.89,0.3,2.4,POSSIBLE_OPPORTUNITY,HOLD,0.92,NEUTRAL,False,,,,,,,,NEUTRAL,MISSED-2026-04-23-SAMMAANCAP-POSSIBLE_OPPORTUNITY,,,,,missed,NEUTRAL,146.7,148.0,0.0,144.1,370.0,144.2,144.72,0.8861622358554953,-1.772324471710971,-1.7041581458759374,-1.3496932515337354,1.056578050443089,1.1929107021131562,True,False,OK,REVERSE_V_HIGH,,False,,,,,,,,,,,,,,,,
NAM-INDIA,2026-04-25,14:45:45,CAUTION,1,-1.69,-5.65,-2.39,OPPORTUNITY_OVERSHOOT,ALERT,0.71,MILD_BEAR,False,,,,OVERSHOOT,FADE,NEUTRAL,False,,MISSED-2026-04-25-NAM-INDIA-OPPORTUNITY_OVERSHOOT,,,,,missed,,,,,,,,,,,,,,,,,BARS_INSUFFICIENT,INVALID,,False,,,,,,,,,,,,,,,,
SUNPHARMA,2026-04-24,15:30:39,CAUTION,1,-0.15,-3.11,-2.39,POSSIBLE_OPPORTUNITY,HOLD,0.91,NEUTRAL,False,,,,OVERSHOOT,FADE,NEUTRAL,,,MISSED-2026-04-24-SUNPHARMA-POSSIBLE_OPPORTUNITY,,,,,missed,,1670.4,1658.0,11.0,1616.6,217.0,1618.5,1625.7,-0.7423371647509632,-3.2207854406130374,-3.1070402298850626,-2.6760057471264393,1.933668582375476,1.933668582375476,True,False,OK,ONE_WAY_DOWN,,False,,,,,,,,,,,,,,,,
IEX,2026-04-25,09:30:36,CAUTION,1,-2.07,-4.03,-2.38,OPPORTUNITY_OVERSHOOT,ALERT,0.62,BEARISH,False,,,,OVERSHOOT,FADE,NEUTRAL,False,,MISSED-2026-04-25-IEX-OPPORTUNITY_OVERSHOOT,,,,,missed,,,,,,,,,,,,,,,,,BARS_INSUFFICIENT,INVALID,,False,,,,,,,,,,,,,,,,
CROMPTON,2026-04-16,15:30:28,CAUTION,1,0.13,3.61,2.32,POSSIBLE_OPPORTUNITY,HOLD,,NEUTRAL,False,,,,,,,,CAUTION,MISSED-2026-04-16-CROMPTON-POSSIBLE_OPPORTUNITY,,,,,missed,CAUTION,252.38,262.0,361.0,249.15,66.0,261.5,260.0,3.8117124970282927,-1.2798161502496195,3.613598541881292,3.0192566764402904,2.0088755051905944,2.135668436484672,False,False,OK,ONE_WAY_UP,,False,,,,,,,,,,,,,,,,
SUNPHARMA,2026-04-25,15:15:47,CAUTION,1,-0.15,-2.99,-2.3,POSSIBLE_OPPORTUNITY,HOLD,0.91,NEUTRAL,False,,,,OVERSHOOT,FADE,NEUTRAL,,,MISSED-2026-04-25-SUNPHARMA-POSSIBLE_OPPORTUNITY,,,,,missed,,,,,,,,,,,,,,,,,BARS_INSUFFICIENT,INVALID,,False,,,,,,,,,,,,,,,,
HEROMOTOCO,2026-04-16,13:15:37,CAUTION,1,-0.22,-3.4,-2.25,POSSIBLE_OPPORTUNITY,HOLD,,NEUTRAL,False,,,,,,,,CAUTION,MISSED-2026-04-16-HEROMOTOCO-POSSIBLE_OPPORTUNITY,,,,,missed,CAUTION,5315.0,5335.5,2.0,5130.5,235.0,5168.5,5140.0,0.3857008466603951,-3.471307619943556,-2.7563499529633115,-3.2925682031984946,1.2041392285983066,2.088428974600188,True,False,OK,CHOPPY,,False,,,,,,,,,,,,,,,,
COFORGE,2026-04-25,09:30:36,CAUTION,1,-0.75,-4.96,-2.19,OPPORTUNITY_OVERSHOOT,ALERT,0.71,MILD_BEAR,False,,,,OVERSHOOT,FADE,NEUTRAL,False,,MISSED-2026-04-25-COFORGE-OPPORTUNITY_OVERSHOOT,,,,,missed,,,,,,,,,,,,,,,,,BARS_INSUFFICIENT,INVALID,,False,,,,,,,,,,,,,,,,
ALKEM,2026-04-24,14:47:55,CAUTION,1,-0.23,-4.89,-2.19,OPPORTUNITY_OVERSHOOT,ALERT,0.85,MILD_BEAR,False,,,,OVERSHOOT,FADE,NEUTRAL,False,,MISSED-2026-04-24-ALKEM-OPPORTUNITY_OVERSHOOT,,,,,missed,,5572.5,5576.5,0.0,5204.5,372.0,5240.0,5378.0,0.07178106774338268,-6.6038582323912065,-5.966801256168686,-3.490354419021983,1.1305518169582773,1.1305518169582773,True,False,OK,CHOPPY,,False,,,,,,,,,,,,,,,,
KPITTECH,2026-04-24,13:33:36,CAUTION,1,-1.18,-5.73,-2.13,OPPORTUNITY_OVERSHOOT,ALERT,0.89,MILD_BEAR,False,,,,OVERSHOOT,FADE,NEUTRAL,False,,MISSED-2026-04-24-KPITTECH-OPPORTUNITY_OVERSHOOT,,,,,missed,,733.5,732.1,4.0,690.3,263.0,709.95,705.1,-0.19086571233810187,-5.889570552147245,-3.2106339468302596,-3.8718473074301265,1.472392638036819,2.154055896387194,True,False,OK,CHOPPY,,False,,,,,,,,,,,,,,,,
SAMMAANCAP,2026-04-24,14:30:57,CAUTION,1,-2.7,0.06,2.07,POSSIBLE_OPPORTUNITY,HOLD,1.06,NEUTRAL,False,,,,LAG,FADE,NEUTRAL,,,MISSED-2026-04-24-SAMMAANCAP-POSSIBLE_OPPORTUNITY,,,,,missed,,144.99,145.36,0.0,143.0,356.0,143.6,145.07,0.25519001310435513,-1.3725084488585482,-0.9586868059866299,0.055176219049578645,1.0138630250362086,1.3518173667149316,True,False,OK,ONE_WAY_DOWN,,False,,,,,,,,,,,,,,,,
KPITTECH,2026-04-24,13:18:25,CAUTION,1,-1.18,-5.54,-2.04,POSSIBLE_OPPORTUNITY,HOLD,0.91,NEUTRAL,False,,,,OVERSHOOT,FADE,NEUTRAL,,,MISSED-2026-04-24-KPITTECH-POSSIBLE_OPPORTUNITY,,,,,missed,,733.5,732.1,4.0,690.3,263.0,709.95,705.1,-0.19086571233810187,-5.889570552147245,-3.2106339468302596,-3.8718473074301265,1.472392638036819,2.154055896387194,True,False,OK,CHOPPY,,False,,,,,,,,,,,,,,,,
CROMPTON,2026-04-25,11:45:48,CAUTION,1,-0.1,-1.73,-2.02,OPPORTUNITY_OVERSHOOT,ALERT,0.52,BEARISH,False,,,,OVERSHOOT,FADE,NEUTRAL,False,,MISSED-2026-04-25-CROMPTON-OPPORTUNITY_OVERSHOOT,,,,,missed,,,,,,,,,,,,,,,,,BARS_INSUFFICIENT,INVALID,,False,,,,,,,,,,,,,,,,
SBICARD,2026-04-20,15:30:29,NEUTRAL,1,-0.58,-3.47,-1.98,POSSIBLE_OPPORTUNITY,HOLD,0.97,NEUTRAL,False,,,,,,,,NEUTRAL,MISSED-2026-04-20-SBICARD-POSSIBLE_OPPORTUNITY,,,,,missed,NEUTRAL,698.4,699.8,8.0,673.05,372.0,674.2,682.3,0.20045819014890856,-3.6297250859106565,-3.4650630011454657,-2.305269186712489,1.9186712485681525,2.004581901489118,True,False,OK,ONE_WAY_DOWN,,False,,,,,,,,,,,,,,,,
SRF,2026-04-24,13:18:25,CAUTION,1,-0.15,-3.32,-1.97,OPPORTUNITY_OVERSHOOT,ALERT,0.57,BEARISH,False,,,,OVERSHOOT,FADE,NEUTRAL,False,,MISSED-2026-04-24-SRF-OPPORTUNITY_OVERSHOOT,,,,,missed,,2559.0,2561.0,0.0,2472.5,160.0,2488.0,2493.0,0.07815552950371239,-3.380226651035561,-2.77452129738179,-2.5791324736225087,1.1019929660023375,2.1180148495505984,True,False,OK,CHOPPY,,False,,,,,,,,,,,,,,,,
DIVISLAB,2026-04-24,09:33:31,CAUTION,1,-0.87,0.09,1.95,OPPORTUNITY_LAG,ADD,0.76,MILD_BEAR,False,,SHORT,"{'direction': 'SHORT', 'entry': 'market', 'stop_pct': 0.74, 'target_pct': -2.61, 'hold_days': 3, 'size_inr': 50000}",LAG,FADE,FOLLOW,True,,MISSED-2026-04-24-DIVISLAB-OPPORTUNITY_LAG,,,,,missed,,6408.5,6430.0,11.0,6320.0,374.0,6320.0,6377.0,0.33549192478739176,-1.3809783880783335,-1.3809783880783335,-0.4915346805024577,0.9674650854334087,0.9674650854334087,True,False,OK,ONE_WAY_DOWN,0.5467924016810575,True,0.7625272331154684,0.7239044134817467,TIME,315.0,0.11747200250606939,TIME,310.0,0.7625272331154684,TIME,305.0,0.7084468664850136,TIME,300.0,0.4216114928169894,TIME,285.0
HYUNDAI,2026-04-24,12:03:36,CAUTION,1,-0.84,-4.04,-1.9,OPPORTUNITY_OVERSHOOT,ALERT,0.71,MILD_BEAR,False,,,,OVERSHOOT,FADE,NEUTRAL,False,,MISSED-2026-04-24-HYUNDAI-OPPORTUNITY_OVERSHOOT,,,,,missed,,1848.7,1848.0,0.0,1773.3,168.0,1781.4,1790.0,-0.03786444528587902,-4.078541677935852,-3.640395953913558,-3.1752041975442227,2.0663168713149807,2.3097311624384727,True,False,OK,ONE_WAY_DOWN,,False,,,,,,,,,,,,,,,,
BLUESTARCO,2026-04-16,15:00:28,CAUTION,1,0.11,2.27,1.89,POSSIBLE_OPPORTUNITY,HOLD,,NEUTRAL,False,,,,,,,,CAUTION,MISSED-2026-04-16-BLUESTARCO-POSSIBLE_OPPORTUNITY,,,,,missed,CAUTION,1811.0,1870.6,6.0,1799.0,65.0,1850.0,1838.8,3.2909994478188795,-0.6626173384870238,2.1535063500828273,1.5350635008282691,3.6885698509110965,3.6885698509110965,True,False,OK,CHOPPY,,False,,,,,,,,,,,,,,,,
HAVELLS,2026-04-16,13:01:58,CAUTION,1,-0.15,-1.84,-1.89,POSSIBLE_OPPORTUNITY,HOLD,,NEUTRAL,False,,,,,,,,CAUTION,MISSED-2026-04-16-HAVELLS-POSSIBLE_OPPORTUNITY,,,,,missed,CAUTION,1297.0,1307.0,2.0,1273.0,226.0,1292.2,1293.8,0.7710100231303006,-1.8504240555127216,-0.3700848111025408,-0.24672320740169973,1.4649190439475712,2.2898997686969964,True,False,OK,REVERSE_V_HIGH,,False,,,,,,,,,,,,,,,,
GODFRYPHLP,2026-04-25,14:00:48,CAUTION,1,-0.23,-1.99,-1.88,OPPORTUNITY_OVERSHOOT,ALERT,0.4,BEARISH,False,,,,OVERSHOOT,FADE,NEUTRAL,False,,MISSED-2026-04-25-GODFRYPHLP-OPPORTUNITY_OVERSHOOT,,,,,missed,,,,,,,,,,,,,,,,,BARS_INSUFFICIENT,INVALID,,False,,,,,,,,,,,,,,,,
VEDL,2026-04-24,12:03:36,CAUTION,1,-1.3,-3.61,-1.86,OPPORTUNITY_OVERSHOOT,ALERT,0.82,MILD_BEAR,False,,,,OVERSHOOT,FADE,NEUTRAL,False,,MISSED-2026-04-24-VEDL-OPPORTUNITY_OVERSHOOT,,,,,missed,,734.95,731.55,1.0,708.3,167.0,721.0,717.0,-0.4626165045241296,-3.6260970134022843,-1.898088305326899,-2.442343016531743,1.4558813524729635,1.8436628342064179,True,False,OK,CHOPPY,,False,,,,,,,,,,,,,,,,
ABCAPITAL,2026-04-24,14:00:53,CAUTION,1,-1.13,-3.14,-1.84,OPPORTUNITY_OVERSHOOT,ALERT,0.55,BEARISH,False,,,,OVERSHOOT,FADE,NEUTRAL,False,,MISSED-2026-04-24-ABCAPITAL-OPPORTUNITY_OVERSHOOT,,,,,missed,,349.95,349.9,6.0,338.75,267.0,341.05,341.45,-0.01428775539363091,-3.200457208172593,-2.5432204600657173,-2.4289184169167024,1.2287469638519821,1.843120445777965,True,False,OK,CHOPPY,,False,,,,,,,,,,,,,,,,
MUTHOOTFIN,2026-04-24,12:30:38,CAUTION,1,-0.67,-3.82,-1.79,OPPORTUNITY_OVERSHOOT,ALERT,0.67,BEARISH,False,,,,OVERSHOOT,FADE,NEUTRAL,False,,MISSED-2026-04-24-MUTHOOTFIN-OPPORTUNITY_OVERSHOOT,,,,,missed,,3589.5,3571.9,3.0,3446.3,171.0,3494.0,3500.0,-0.49031898593118567,-3.989413567349208,-2.660537679342527,-2.493383479593258,1.4653851511352531,1.6325393508845218,True,False,OK,CHOPPY,,False,,,,,,,,,,,,,,,,
ICICIPRULI,2026-04-24,15:30:39,CAUTION,1,-0.62,-3.87,-1.75,POSSIBLE_OPPORTUNITY,HOLD,0.93,NEUTRAL,False,,,,OVERSHOOT,FADE,NEUTRAL,,,MISSED-2026-04-24-ICICIPRULI-POSSIBLE_OPPORTUNITY,,,,,missed,,534.2,532.25,1.0,512.65,350.0,513.3,515.9,-0.3650318232871668,-4.034069636840147,-3.9123923624110986,-3.425683264694883,1.3478098090602855,1.4694870834893339,True,False,OK,ONE_WAY_DOWN,,False,,,,,,,,,,,,,,,,
HDFCAMC,2026-04-16,13:32:15,CAUTION,1,-0.53,-3.17,-1.73,POSSIBLE_OPPORTUNITY,HOLD,,NEUTRAL,False,,,,,,,,CAUTION,MISSED-2026-04-16-HDFCAMC-POSSIBLE_OPPORTUNITY,,,,,missed,CAUTION,2701.2,2719.6,2.0,2611.0,242.0,2657.8,2652.7,0.6811787353768729,-3.33925662668443,-1.6066933214867332,-1.7954982970531617,1.836220938841993,1.836220938841993,True,False,OK,REVERSE_V_HIGH,,False,,,,,,,,,,,,,,,,
RECLTD,2026-04-16,12:36:04,CAUTION,1,0.11,3.37,1.71,POSSIBLE_OPPORTUNITY,HOLD,,NEUTRAL,False,,,,,,,,CAUTION,MISSED-2026-04-16-RECLTD-POSSIBLE_OPPORTUNITY,,,,,missed,CAUTION,355.0,372.2,108.0,354.8,17.0,364.0,364.7,4.845070422535208,-0.05633802816901088,2.535211267605634,2.73239436619718,0.957746478873233,1.0281690140845006,False,False,OK,CHOPPY,,False,,,,,,,,,,,,,,,,
GMRAIRPORT,2026-04-16,13:17:16,CAUTION,1,-0.27,-2.87,-1.7,POSSIBLE_OPPORTUNITY,HOLD,,NEUTRAL,False,,,,,,,,CAUTION,MISSED-2026-04-16-GMRAIRPORT-POSSIBLE_OPPORTUNITY,,,,,missed,CAUTION,99.3,99.48,3.0,96.41,265.0,96.75,96.51,0.18126888217523346,-2.910372608257805,-2.567975830815707,-2.809667673716004,1.6112789526686895,2.145015105740191,True,False,OK,ONE_WAY_DOWN,,False,,,,,,,,,,,,,,,,
TVSMOTOR,2026-04-16,13:17:16,CAUTION,1,-0.08,-2.3,-1.7,POSSIBLE_OPPORTUNITY,HOLD,,NEUTRAL,False,,,,,,,,CAUTION,MISSED-2026-04-16-TVSMOTOR-POSSIBLE_OPPORTUNITY,,,,,missed,CAUTION,3828.0,3815.0,2.0,3741.0,235.0,3770.0,3758.7,-0.3396029258098224,-2.272727272727273,-1.5151515151515151,-1.8103448275862117,0.8881922675026124,1.089341692789964,True,False,OK,CHOPPY,,False,,,,,,,,,,,,,,,,
ICICIPRULI,2026-04-25,15:30:41,CAUTION,1,-0.62,-3.74,-1.68,POSSIBLE_OPPORTUNITY,HOLD,0.93,NEUTRAL,False,,,,OVERSHOOT,FADE,NEUTRAL,,,MISSED-2026-04-25-ICICIPRULI-POSSIBLE_OPPORTUNITY,,,,,missed,,,,,,,,,,,,,,,,,BARS_INSUFFICIENT,INVALID,,False,,,,,,,,,,,,,,,,
WIPRO,2026-04-25,14:30:40,CAUTION,1,-0.64,-1.67,-1.67,OPPORTUNITY_OVERSHOOT,ALERT,0.41,BEARISH,False,,,,OVERSHOOT,FADE,NEUTRAL,False,,MISSED-2026-04-25-WIPRO-OPPORTUNITY_OVERSHOOT,,,,,missed,,,,,,,,,,,,,,,,,BARS_INSUFFICIENT,INVALID,,False,,,,,,,,,,,,,,,,
ZYDUSLIFE,2026-04-24,10:48:26,CAUTION,1,-0.63,-2.61,-1.67,OPPORTUNITY_OVERSHOOT,ALERT,0.6,BEARISH,False,,,,OVERSHOOT,FADE,NEUTRAL,False,,MISSED-2026-04-24-ZYDUSLIFE-OPPORTUNITY_OVERSHOOT,,,,,missed,,948.0,948.7,0.0,923.25,93.0,926.95,929.65,0.07383966244726219,-2.6107594936708862,-2.2204641350210923,-1.935654008438821,1.719409282700417,1.7985232067510502,True,False,OK,ONE_WAY_DOWN,,False,,,,,,,,,,,,,,,,
TITAN,2026-04-16,12:36:04,CAUTION,1,-0.1,-2.35,-1.67,POSSIBLE_OPPORTUNITY,HOLD,,NEUTRAL,False,,,,,,,,CAUTION,MISSED-2026-04-16-TITAN-POSSIBLE_OPPORTUNITY,,,,,missed,CAUTION,4554.0,4535.4,10.0,4441.3,195.0,4461.5,4477.7,-0.40843214756259033,-2.474747474747471,-2.031181379007466,-1.6754501537110273,1.1418533157663593,1.2933684672815027,True,False,OK,ONE_WAY_DOWN,,False,,,,,,,,,,,,,,,,
SONACOMS,2026-04-24,13:18:25,CAUTION,1,-0.84,-2.48,-1.66,OPPORTUNITY_OVERSHOOT,ALERT,0.64,BEARISH,False,,,,OVERSHOOT,FADE,NEUTRAL,False,,MISSED-2026-04-24-SONACOMS-OPPORTUNITY_OVERSHOOT,,,,,missed,,574.9,574.2,3.0,560.55,292.0,564.5,564.6,-0.12176030614018643,-2.496086275874069,-1.8090102626543707,-1.791615933205767,1.6002783092711856,2.417811793355382,True,False,OK,CHOPPY,,False,,,,,,,,,,,,,,,,
MCX,2026-04-16,14:45:26,CAUTION,1,1.55,-0.45,-1.64,POSSIBLE_OPPORTUNITY,HOLD,,NEUTRAL,False,,,,,,,,CAUTION,MISSED-2026-04-16-MCX-POSSIBLE_OPPORTUNITY,,,,,missed,CAUTION,2881.0,2899.9,25.0,2842.0,265.0,2862.0,2865.0,0.6560222145088542,-1.3536966331135023,-0.6594932315168345,-0.5553627212773342,1.023950017355085,1.492537313432836,False,False,OK,CHOPPY,,False,,,,,,,,,,,,,,,,
GLENMARK,2026-04-24,15:30:39,CAUTION,1,-0.58,-2.72,-1.64,OPPORTUNITY_OVERSHOOT,ALERT,0.76,MILD_BEAR,False,,,,OVERSHOOT,FADE,NEUTRAL,False,,MISSED-2026-04-24-GLENMARK-OPPORTUNITY_OVERSHOOT,,,,,missed,,2351.0,2372.0,9.0,2286.0,373.0,2287.0,2306.2,0.893236920459379,-2.76478094427903,-2.722245852828584,-1.9055720969800163,1.1824755423224238,2.552105487026797,True,False,OK,REVERSE_V_HIGH,,False,,,,,,,,,,,,,,,,
LTM,2026-04-17,11:15:36,CAUTION,1,0.48,-0.04,-1.64,POSSIBLE_OPPORTUNITY,HOLD,,NEUTRAL,False,,,,,,,,CAUTION,MISSED-2026-04-17-LTM-POSSIBLE_OPPORTUNITY,,,,,missed,CAUTION,4724.9,4776.9,173.0,4659.2,0.0,4700.0,4742.5,1.1005523926432306,-1.3905056191665395,-0.5269952803233854,0.37249465597156267,2.747148087790222,2.747148087790222,False,True,OK,V_LOW_RECOVERY,,False,,,,,,,,,,,,,,,,
HYUNDAI,2026-04-25,12:30:40,CAUTION,1,-0.84,-3.52,-1.6,OPPORTUNITY_OVERSHOOT,ALERT,0.68,BEARISH,False,,,,OVERSHOOT,FADE,NEUTRAL,False,,MISSED-2026-04-25-HYUNDAI-OPPORTUNITY_OVERSHOOT,,,,,missed,,,,,,,,,,,,,,,,,BARS_INSUFFICIENT,INVALID,,False,,,,,,,,,,,,,,,,
NAUKRI,2026-04-24,14:15:37,CAUTION,1,-1.03,-3.43,-1.6,POSSIBLE_OPPORTUNITY,HOLD,1.06,NEUTRAL,False,,,,OVERSHOOT,FADE,NEUTRAL,,,MISSED-2026-04-24-NAUKRI-POSSIBLE_OPPORTUNITY,,,,,missed,,1015.0,1013.9,1.0,979.6,290.0,990.0,984.6,-0.10837438423645544,-3.4876847290640374,-2.4630541871921183,-2.9950738916256134,1.2463054187192095,1.6995073891625616,True,False,OK,CHOPPY,,False,,,,,,,,,,,,,,,,
HDFCLIFE,2026-04-16,15:30:28,CAUTION,1,-0.01,-2.55,-1.57,POSSIBLE_OPPORTUNITY,HOLD,,NEUTRAL,False,,,,,,,,CAUTION,MISSED-2026-04-16-HDFCLIFE-POSSIBLE_OPPORTUNITY,,,,,missed,CAUTION,647.0,649.8,5.0,628.4,238.0,630.5,632.2,0.4327666151468245,-2.8748068006182415,-2.5502318392581143,-2.2874806800618166,0.8887171561051005,0.8887171561051005,True,False,OK,ONE_WAY_DOWN,,False,,,,,,,,,,,,,,,,
LUPIN,2026-04-16,12:36:04,CAUTION,1,-0.28,-2.09,-1.57,POSSIBLE_OPPORTUNITY,HOLD,,NEUTRAL,False,,,,,,,,CAUTION,MISSED-2026-04-16-LUPIN-POSSIBLE_OPPORTUNITY,,,,,missed,CAUTION,2349.5,2335.9,2.0,2297.3,182.0,2325.0,2317.1,-0.5788465630985278,-2.221749308363474,-1.04277505852309,-1.379016812087682,1.5279846775909807,1.613109172164294,True,False,OK,CHOPPY,,False,,,,,,,,,,,,,,,,
APOLLOHOSP,2026-04-24,14:18:09,CAUTION,1,-0.26,-1.57,-1.56,OPPORTUNITY_OVERSHOOT,ALERT,0.72,MILD_BEAR,False,,,,OVERSHOOT,FADE,NEUTRAL,False,,MISSED-2026-04-24-APOLLOHOSP-OPPORTUNITY_OVERSHOOT,,,,,missed,,7814.0,7840.0,22.0,7685.0,309.0,7740.0,7695.0,0.33273611466598413,-1.650883030458152,-0.9470181725108779,-1.522907601740466,1.0685948297926797,1.2029690299462503,False,False,OK,CHOPPY,,False,,,,,,,,,,,,,,,,
TIINDIA,2026-04-16,15:15:39,CAUTION,1,2.46,-0.69,-1.55,POSSIBLE_OPPORTUNITY,HOLD,,NEUTRAL,False,,,,,,,,CAUTION,MISSED-2026-04-16-TIINDIA-POSSIBLE_OPPORTUNITY,,,,,missed,CAUTION,2768.7,2811.9,7.0,2702.0,278.0,2758.8,2749.8,1.5602990573193294,-2.4090728500740357,-0.3575685339689976,-0.6826308375771892,1.6614295517752016,1.6614295517752016,True,False,OK,REVERSE_V_HIGH,,False,,,,,,,,,,,,,,,,
BRITANNIA,2026-04-16,13:17:16,CAUTION,1,-0.26,-1.75,-1.55,POSSIBLE_OPPORTUNITY,HOLD,,NEUTRAL,False,,,,,,,,CAUTION,MISSED-2026-04-16-BRITANNIA-POSSIBLE_OPPORTUNITY,,,,,missed,CAUTION,5640.0,5704.5,3.0,5534.5,235.0,5600.0,5585.0,1.1436170212765957,-1.8705673758865249,-0.7092198581560284,-0.975177304964539,2.6684397163120566,2.6684397163120566,True,False,OK,REVERSE_V_HIGH,,False,,,,,,,,,,,,,,,,
NAUKRI,2026-04-24,13:33:36,CAUTION,1,-1.03,-3.36,-1.55,OPPORTUNITY_OVERSHOOT,ALERT,0.83,MILD_BEAR,False,,,,OVERSHOOT,FADE,NEUTRAL,False,,MISSED-2026-04-24-NAUKRI-OPPORTUNITY_OVERSHOOT,,,,,missed,,1015.0,1013.9,1.0,979.6,290.0,990.0,984.6,-0.10837438423645544,-3.4876847290640374,-2.4630541871921183,-2.9950738916256134,1.2463054187192095,1.6995073891625616,True,False,OK,CHOPPY,,False,,,,,,,,,,,,,,,,
ADANIENT,2026-04-24,12:45:36,CAUTION,1,-1.08,-3.6,-1.52,OPPORTUNITY_OVERSHOOT,ALERT,0.66,BEARISH,False,,,,OVERSHOOT,FADE,NEUTRAL,False,,MISSED-2026-04-24-ADANIENT-OPPORTUNITY_OVERSHOOT,,,,,missed,,2310.2,2312.0,320.0,2227.5,197.0,2281.6,2297.8,0.07791533200589482,-3.5797766427149087,-1.2379880529824219,-0.5367500649294277,2.298502294173661,3.04735520734136,False,False,OK,CHOPPY,,False,,,,,,,,,,,,,,,,
