signal_id,ticker,date,regime,classification,sector,side,exit_reason,pnl_pct,abs_z,z_bucket
BRK-2026-03-04-EXIDEIND,EXIDEIND,2026-03-04,EUPHORIA,POSSIBLE_OPPORTUNITY,Capital_Goods,SHORT,TIME_STOP,-0.4553,1.505620954252441,<2.0
BRK-2026-03-04-PREMIERENE,PREMIERENE,2026-03-04,EUPHORIA,POSSIBLE_OPPORTUNITY,Capital_Goods,SHORT,TIME_STOP,0.0143,0.22919987344468656,<2.0
BRK-2026-03-05-AXISBANK,AXISBANK,2026-03-05,RISK-OFF,OPPORTUNITY_LAG,Banks,SHORT,TIME_STOP,0.652,0.22559106996917072,<2.0
BRK-2026-03-05-HDFCLIFE,HDFCLIFE,2026-03-05,RISK-OFF,OPPORTUNITY_LAG,Insurance,SHORT,TIME_STOP,1.1331,0.1453713679213562,<2.0
BRK-2026-03-05-INFY,INFY,2026-03-05,RISK-OFF,OPPORTUNITY_LAG,IT_Services,SHORT,TIME_STOP,0.0377,0.20547123144992402,<2.0
BRK-2026-03-05-ONGC,ONGC,2026-03-05,RISK-OFF,OPPORTUNITY_LAG,Oil_Gas,SHORT,TIME_STOP,-0.2,0.13314460893804259,<2.0
BRK-2026-03-05-POLICYBZR,POLICYBZR,2026-03-05,RISK-OFF,OPPORTUNITY_LAG,IT_Services,SHORT,TIME_STOP,1.0583,0.05439530095051372,<2.0
BRK-2026-03-05-WIPRO,WIPRO,2026-03-05,RISK-OFF,OPPORTUNITY_LAG,IT_Services,SHORT,TIME_STOP,0.384,0.3990655918872779,<2.0
BRK-2026-03-06-ADANIENT,ADANIENT,2026-03-06,RISK-OFF,POSSIBLE_OPPORTUNITY,Capital_Goods,SHORT,TIME_STOP,1.1317,0.48468760965743357,<2.0
BRK-2026-03-06-CHOLAFIN,CHOLAFIN,2026-03-06,RISK-OFF,POSSIBLE_OPPORTUNITY,NBFC_HFC,SHORT,TIME_STOP,1.4691,1.1401724494454635,<2.0
BRK-2026-03-06-CONCOR,CONCOR,2026-03-06,RISK-OFF,OPPORTUNITY_LAG,Logistics_Transport,SHORT,TIME_STOP,-0.4269,0.1298095193321429,<2.0
BRK-2026-03-06-DALBHARAT,DALBHARAT,2026-03-06,RISK-OFF,POSSIBLE_OPPORTUNITY,Cement_Building,SHORT,TIME_STOP,0.3875,0.614071083324368,<2.0
BRK-2026-03-06-EXIDEIND,EXIDEIND,2026-03-06,RISK-OFF,POSSIBLE_OPPORTUNITY,Capital_Goods,SHORT,TIME_STOP,0.8865,0.3537097509976303,<2.0
BRK-2026-03-06-HAVELLS,HAVELLS,2026-03-06,RISK-OFF,OPPORTUNITY_LAG,Metals_Mining,SHORT,TIME_STOP,-0.296,0.0776557866045008,<2.0
BRK-2026-03-06-HINDPETRO,HINDPETRO,2026-03-06,RISK-OFF,POSSIBLE_OPPORTUNITY,Oil_Gas,SHORT,TIME_STOP,0.5333,0.994190784164468,<2.0
BRK-2026-03-06-HYUNDAI,HYUNDAI,2026-03-06,RISK-OFF,POSSIBLE_OPPORTUNITY,Autos,SHORT,TIME_STOP,1.2996,0.9654689691030207,<2.0
BRK-2026-03-06-IEX,IEX,2026-03-06,RISK-OFF,OPPORTUNITY_LAG,Capital_Markets,SHORT,TIME_STOP,-0.1755,0.21097322160838752,<2.0
BRK-2026-03-06-JINDALSTEL,JINDALSTEL,2026-03-06,RISK-OFF,POSSIBLE_OPPORTUNITY,Metals_Mining,SHORT,TIME_STOP,-0.4954,0.0445118673696607,<2.0
BRK-2026-03-06-NATIONALUM,NATIONALUM,2026-03-06,RISK-OFF,OPPORTUNITY_LAG,Metals_Mining,SHORT,TIME_STOP,-2.3141,0.1567501507517582,<2.0
BRK-2026-03-06-PETRONET,PETRONET,2026-03-06,RISK-OFF,POSSIBLE_OPPORTUNITY,Oil_Gas,SHORT,TIME_STOP,-0.3873,0.3250363756202627,<2.0
BRK-2026-03-06-PIIND,PIIND,2026-03-06,RISK-OFF,OPPORTUNITY_LAG,Chemicals,SHORT,TIME_STOP,0.5087,0.17339595642706984,<2.0
BRK-2026-03-06-POWERGRID,POWERGRID,2026-03-06,RISK-OFF,OPPORTUNITY_LAG,Power_Utilities,SHORT,TIME_STOP,-0.5841,0.10063180174982973,<2.0
BRK-2026-03-06-TATAPOWER,TATAPOWER,2026-03-06,RISK-OFF,OPPORTUNITY_LAG,Power_Utilities,SHORT,TIME_STOP,0.7293,0.13608192018567666,<2.0
BRK-2026-03-06-TATATECH,TATATECH,2026-03-06,RISK-OFF,OPPORTUNITY_LAG,IT_Services,SHORT,TIME_STOP,0.6477,0.29776735006969274,<2.0
BRK-2026-03-06-TECHM,TECHM,2026-03-06,RISK-OFF,OPPORTUNITY_LAG,IT_Services,SHORT,TIME_STOP,1.516,0.10007794576862146,<2.0
BRK-2026-03-06-VMM,VMM,2026-03-06,RISK-OFF,POSSIBLE_OPPORTUNITY,Consumer_Discretionary,SHORT,TIME_STOP,1.4571,0.991151974145686,<2.0
BRK-2026-03-06-WIPRO,WIPRO,2026-03-06,RISK-OFF,OPPORTUNITY_LAG,IT_Services,SHORT,TIME_STOP,0.9425,0.253834765240321,<2.0
BRK-2026-03-10-BANKBARODA,BANKBARODA,2026-03-10,RISK-ON,POSSIBLE_OPPORTUNITY,Banks,LONG,TIME_STOP,0.6581,1.3722596305482966,<2.0
BRK-2026-03-10-CHOLAFIN,CHOLAFIN,2026-03-10,RISK-ON,POSSIBLE_OPPORTUNITY,NBFC_HFC,LONG,TIME_STOP,0.8425,1.0361276616792254,<2.0
BRK-2026-03-10-CONCOR,CONCOR,2026-03-10,RISK-ON,OPPORTUNITY_LAG,Logistics_Transport,SHORT,TIME_STOP,0.1181,0.044683292466508005,<2.0
BRK-2026-03-10-HINDPETRO,HINDPETRO,2026-03-10,RISK-ON,POSSIBLE_OPPORTUNITY,Oil_Gas,LONG,TIME_STOP,-0.3037,0.229265381440224,<2.0
BRK-2026-03-10-HYUNDAI,HYUNDAI,2026-03-10,RISK-ON,POSSIBLE_OPPORTUNITY,Autos,LONG,TIME_STOP,0.1758,0.3295776127958037,<2.0
BRK-2026-03-10-JINDALSTEL,JINDALSTEL,2026-03-10,RISK-ON,POSSIBLE_OPPORTUNITY,Metals_Mining,LONG,TIME_STOP,1.1929,1.9572745984502802,<2.0
BRK-2026-03-10-LICHSGFIN,LICHSGFIN,2026-03-10,RISK-ON,POSSIBLE_OPPORTUNITY,NBFC_HFC,LONG,TIME_STOP,0.5891,1.304666842701735,<2.0
BRK-2026-03-10-PETRONET,PETRONET,2026-03-10,RISK-ON,POSSIBLE_OPPORTUNITY,Oil_Gas,LONG,TIME_STOP,-0.4931,2.6527771357163186,"[2.0,3.0)"
BRK-2026-03-10-RECLTD,RECLTD,2026-03-10,RISK-ON,POSSIBLE_OPPORTUNITY,Capital_Markets,LONG,TIME_STOP,1.3055,1.3029303694722933,<2.0
BRK-2026-03-10-SHRIRAMFIN,SHRIRAMFIN,2026-03-10,RISK-ON,POSSIBLE_OPPORTUNITY,NBFC_HFC,LONG,TRAIL,3.772,3.4502973699712154,"[3.0,4.0)"
BRK-2026-03-11-JINDALSTEL,JINDALSTEL,2026-03-11,CAUTION,POSSIBLE_OPPORTUNITY,Metals_Mining,LONG,TIME_STOP,-0.6676,0.12977193814418123,<2.0
BRK-2026-03-12-ASIANPAINT,ASIANPAINT,2026-03-12,RISK-OFF,POSSIBLE_OPPORTUNITY,Chemicals,SHORT,TIME_STOP,-0.4252,0.26095955776160196,<2.0
BRK-2026-03-12-BANKBARODA,BANKBARODA,2026-03-12,RISK-OFF,OPPORTUNITY_LAG,Banks,SHORT,ATR_STOP,-3.21,0.11577969304595147,<2.0
BRK-2026-03-12-COFORGE,COFORGE,2026-03-12,RISK-OFF,OPPORTUNITY_LAG,IT_Services,SHORT,TIME_STOP,-1.4698,0.07539624016838202,<2.0
BRK-2026-03-12-HDFCBANK,HDFCBANK,2026-03-12,RISK-OFF,OPPORTUNITY_LAG,Banks,SHORT,TIME_STOP,-0.4947,0.16491818446965592,<2.0
BRK-2026-03-12-HINDPETRO,HINDPETRO,2026-03-12,RISK-OFF,POSSIBLE_OPPORTUNITY,Oil_Gas,SHORT,TIME_STOP,-2.5222,0.0543629299949486,<2.0
BRK-2026-03-12-HYUNDAI,HYUNDAI,2026-03-12,RISK-OFF,POSSIBLE_OPPORTUNITY,Autos,SHORT,TIME_STOP,-1.4115,0.5326214824653231,<2.0
BRK-2026-03-12-IEX,IEX,2026-03-12,RISK-OFF,OPPORTUNITY_LAG,Capital_Markets,SHORT,ATR_STOP,-2.904,0.13280031324969802,<2.0
BRK-2026-03-12-LICHSGFIN,LICHSGFIN,2026-03-12,RISK-OFF,POSSIBLE_OPPORTUNITY,NBFC_HFC,SHORT,TIME_STOP,-1.9292,0.3229725520518608,<2.0
BRK-2026-03-12-MCX,MCX,2026-03-12,RISK-OFF,OPPORTUNITY_LAG,Unmapped,SHORT,TIME_STOP,-1.72,0.12702645544445307,<2.0
BRK-2026-03-12-MPHASIS,MPHASIS,2026-03-12,RISK-OFF,OPPORTUNITY_LAG,IT_Services,SHORT,TIME_STOP,-1.1715,0.2201618045233076,<2.0
BRK-2026-03-12-NAUKRI,NAUKRI,2026-03-12,RISK-OFF,OPPORTUNITY_LAG,IT_Services,SHORT,TIME_STOP,-1.4499,0.11692960436403346,<2.0
BRK-2026-03-12-OBEROIRLTY,OBEROIRLTY,2026-03-12,RISK-OFF,POSSIBLE_OPPORTUNITY,Infra_EPC,SHORT,TIME_STOP,-1.6073,0.4476648434801865,<2.0
BRK-2026-03-12-ONGC,ONGC,2026-03-12,RISK-OFF,OPPORTUNITY_LAG,Oil_Gas,SHORT,TIME_STOP,0.3885,0.18446894549750548,<2.0
BRK-2026-03-12-POLICYBZR,POLICYBZR,2026-03-12,RISK-OFF,OPPORTUNITY_LAG,IT_Services,SHORT,TIME_STOP,-1.8867,0.20962184462162098,<2.0
BRK-2026-03-12-SAIL,SAIL,2026-03-12,RISK-OFF,OPPORTUNITY_LAG,Metals_Mining,SHORT,TIME_STOP,-1.762,0.0701974226546494,<2.0
BRK-2026-03-12-SHRIRAMFIN,SHRIRAMFIN,2026-03-12,RISK-OFF,OPPORTUNITY_LAG,NBFC_HFC,SHORT,TIME_STOP,-2.3531,0.16875971616130045,<2.0
BRK-2026-03-12-SUNPHARMA,SUNPHARMA,2026-03-12,RISK-OFF,OPPORTUNITY_LAG,Pharma,SHORT,TIME_STOP,-0.8657,0.1592538832115933,<2.0
BRK-2026-03-12-VMM,VMM,2026-03-12,RISK-OFF,POSSIBLE_OPPORTUNITY,Consumer_Discretionary,SHORT,TIME_STOP,-1.1501,0.6477436276579077,<2.0
BRK-2026-03-12-WIPRO,WIPRO,2026-03-12,RISK-OFF,OPPORTUNITY_LAG,IT_Services,SHORT,TIME_STOP,-0.8165,0.4489499730139609,<2.0
BRK-2026-03-13-HYUNDAI,HYUNDAI,2026-03-13,NEUTRAL,POSSIBLE_OPPORTUNITY,Autos,LONG,TIME_STOP,0.2396,0.493607845414634,<2.0
BRK-2026-03-13-RECLTD,RECLTD,2026-03-13,NEUTRAL,POSSIBLE_OPPORTUNITY,Capital_Markets,SHORT,TRAIL,0.9644,1.5256351861893944,<2.0
BRK-2026-03-16-ICICIPRULI,ICICIPRULI,2026-03-16,EUPHORIA,OPPORTUNITY_LAG,Insurance,SHORT,TIME_STOP,-0.0631,0.10158407358751459,<2.0
BRK-2026-03-16-VMM,VMM,2026-03-16,EUPHORIA,POSSIBLE_OPPORTUNITY,Consumer_Discretionary,LONG,TRAIL,1.2751,1.4121295656568538,<2.0
BRK-2026-03-17-HYUNDAI,HYUNDAI,2026-03-17,RISK-ON,POSSIBLE_OPPORTUNITY,Autos,LONG,TIME_STOP,1.108,0.10744010928027134,<2.0
BRK-2026-03-17-RBLBANK,RBLBANK,2026-03-17,RISK-ON,POSSIBLE_OPPORTUNITY,Banks,LONG,TIME_STOP,0.9236,0.06171553857537185,<2.0
BRK-2026-03-17-VMM,VMM,2026-03-17,RISK-ON,POSSIBLE_OPPORTUNITY,Consumer_Discretionary,SHORT,TIME_STOP,0.375,1.2984120438912548,<2.0
BRK-2026-03-18-BANKBARODA,BANKBARODA,2026-03-18,RISK-OFF,OPPORTUNITY_LAG,Banks,SHORT,TIME_STOP,0.4479,0.1155145516808515,<2.0
BRK-2026-03-18-ICICIBANK,ICICIBANK,2026-03-18,RISK-OFF,OPPORTUNITY_LAG,Banks,SHORT,TIME_STOP,-1.5142,0.2990869350169056,<2.0
BRK-2026-03-18-ONGC,ONGC,2026-03-18,RISK-OFF,OPPORTUNITY_LAG,Oil_Gas,SHORT,TIME_STOP,-0.2753,0.24496993929869204,<2.0
BRK-2026-03-18-TATAPOWER,TATAPOWER,2026-03-18,RISK-OFF,OPPORTUNITY_LAG,Power_Utilities,SHORT,TIME_STOP,0.3825,0.23996012076312068,<2.0
BRK-2026-03-18-TATASTEEL,TATASTEEL,2026-03-18,RISK-OFF,OPPORTUNITY_LAG,Metals_Mining,SHORT,TIME_STOP,-0.8383,0.10167217369962943,<2.0
BRK-2026-03-19-VMM,VMM,2026-03-19,RISK-ON,POSSIBLE_OPPORTUNITY,Consumer_Discretionary,SHORT,TIME_STOP,1.2103,2.2447461286907555,"[2.0,3.0)"
BRK-2026-03-20-ADANIENT,ADANIENT,2026-03-20,RISK-OFF,OPPORTUNITY_LAG,Capital_Goods,SHORT,TIME_STOP,1.0363,0.10781082031710432,<2.0
BRK-2026-03-20-AXISBANK,AXISBANK,2026-03-20,RISK-OFF,OPPORTUNITY_LAG,Banks,SHORT,TIME_STOP,1.2001,0.16926944122155585,<2.0
BRK-2026-03-20-BAJAJFINSV,BAJAJFINSV,2026-03-20,RISK-OFF,OPPORTUNITY_LAG,Insurance,SHORT,TIME_STOP,0.0955,0.16249336479576934,<2.0
BRK-2026-03-20-BAJFINANCE,BAJFINANCE,2026-03-20,RISK-OFF,OPPORTUNITY_LAG,NBFC_HFC,SHORT,TIME_STOP,0.5783,0.1825562782975692,<2.0
BRK-2026-03-20-BHARATFORG,BHARATFORG,2026-03-20,RISK-OFF,OPPORTUNITY_LAG,Metals_Mining,SHORT,TIME_STOP,1.1546,0.22744129341347447,<2.0
BRK-2026-03-20-DLF,DLF,2026-03-20,RISK-OFF,OPPORTUNITY_LAG,Infra_EPC,SHORT,TIME_STOP,1.3403,0.09680946119473516,<2.0
BRK-2026-03-20-GAIL,GAIL,2026-03-20,RISK-OFF,POSSIBLE_OPPORTUNITY,Power_Utilities,SHORT,TIME_STOP,1.6026,0.0733365876898479,<2.0
BRK-2026-03-20-GODREJPROP,GODREJPROP,2026-03-20,RISK-OFF,OPPORTUNITY_LAG,Infra_EPC,SHORT,TIME_STOP,1.7482,0.06382151733828036,<2.0
BRK-2026-03-20-HYUNDAI,HYUNDAI,2026-03-20,RISK-OFF,POSSIBLE_OPPORTUNITY,Autos,SHORT,TIME_STOP,-0.5052,0.29923139172690877,<2.0
BRK-2026-03-20-INDIGO,INDIGO,2026-03-20,RISK-OFF,OPPORTUNITY_LAG,Logistics_Transport,SHORT,TIME_STOP,0.4701,0.061258133025491844,<2.0
BRK-2026-03-20-IREDA,IREDA,2026-03-20,RISK-OFF,OPPORTUNITY_LAG,Power_Utilities,SHORT,TIME_STOP,2.2782,0.22711668809891042,<2.0
BRK-2026-03-20-JIOFIN,JIOFIN,2026-03-20,RISK-OFF,OPPORTUNITY_LAG,NBFC_HFC,SHORT,TIME_STOP,0.8671,0.12472199731329152,<2.0
BRK-2026-03-20-LT,LT,2026-03-20,RISK-OFF,OPPORTUNITY_LAG,Unmapped,SHORT,TIME_STOP,2.2731,0.18222076723107067,<2.0
BRK-2026-03-20-MARUTI,MARUTI,2026-03-20,RISK-OFF,OPPORTUNITY_LAG,Autos,SHORT,TIME_STOP,0.1777,0.3512950794263314,<2.0
BRK-2026-03-20-OBEROIRLTY,OBEROIRLTY,2026-03-20,RISK-OFF,OPPORTUNITY_LAG,Infra_EPC,SHORT,TIME_STOP,1.681,0.04524402392966155,<2.0
BRK-2026-03-20-PREMIERENE,PREMIERENE,2026-03-20,RISK-OFF,OPPORTUNITY_LAG,Capital_Goods,SHORT,TRAIL,1.0408,0.19065470998523407,<2.0
BRK-2026-03-20-RECLTD,RECLTD,2026-03-20,RISK-OFF,OPPORTUNITY_LAG,Capital_Markets,SHORT,TIME_STOP,2.2433,0.20951968763791898,<2.0
BRK-2026-03-20-VMM,VMM,2026-03-20,RISK-OFF,POSSIBLE_OPPORTUNITY,Consumer_Discretionary,SHORT,TIME_STOP,1.0967,0.2125264077140624,<2.0
BRK-2026-03-24-APOLLOHOSP,APOLLOHOSP,2026-03-24,CAUTION,POSSIBLE_OPPORTUNITY,Hospitals_Diagnostics,LONG,TIME_STOP,0.5211,3.2687143354150323,"[3.0,4.0)"
BRK-2026-03-24-DALBHARAT,DALBHARAT,2026-03-24,CAUTION,POSSIBLE_OPPORTUNITY,Cement_Building,LONG,TIME_STOP,1.7368,1.6610833763169808,<2.0
BRK-2026-03-24-GAIL,GAIL,2026-03-24,CAUTION,POSSIBLE_OPPORTUNITY,Power_Utilities,LONG,TIME_STOP,0.0112,0.6920360578715257,<2.0
BRK-2026-03-24-MANAPPURAM,MANAPPURAM,2026-03-24,CAUTION,POSSIBLE_OPPORTUNITY,NBFC_HFC,LONG,TIME_STOP,-1.1223,0.05571673485635211,<2.0
BRK-2026-03-24-MFSL,MFSL,2026-03-24,CAUTION,POSSIBLE_OPPORTUNITY,Insurance,LONG,TIME_STOP,-0.6272,0.39250607960279704,<2.0
BRK-2026-03-24-TORNTPHARM,TORNTPHARM,2026-03-24,CAUTION,POSSIBLE_OPPORTUNITY,Pharma,LONG,TIME_STOP,0.3944,0.5416034868923669,<2.0
BRK-2026-03-24-VMM,VMM,2026-03-24,CAUTION,POSSIBLE_OPPORTUNITY,Consumer_Discretionary,LONG,TRAIL,4.0477,3.3525320868981,"[3.0,4.0)"
BRK-2026-03-25-HYUNDAI,HYUNDAI,2026-03-25,RISK-ON,POSSIBLE_OPPORTUNITY,Autos,LONG,TIME_STOP,-0.0089,0.712631091686579,<2.0
BRK-2026-03-25-JINDALSTEL,JINDALSTEL,2026-03-25,RISK-ON,POSSIBLE_OPPORTUNITY,Metals_Mining,LONG,TIME_STOP,-1.3451,0.9405984063684086,<2.0
BRK-2026-03-25-KOTAKBANK,KOTAKBANK,2026-03-25,RISK-ON,POSSIBLE_OPPORTUNITY,Banks,LONG,ATR_STOP,-2.895,0.9093506000929231,<2.0
BRK-2026-03-25-LICHSGFIN,LICHSGFIN,2026-03-25,RISK-ON,POSSIBLE_OPPORTUNITY,NBFC_HFC,LONG,TIME_STOP,0.4669,1.9625609307565124,<2.0
BRK-2026-03-25-MANAPPURAM,MANAPPURAM,2026-03-25,RISK-ON,POSSIBLE_OPPORTUNITY,NBFC_HFC,LONG,TIME_STOP,-1.1249,1.794746654138254,<2.0
BRK-2026-03-27-ADANIPORTS,ADANIPORTS,2026-03-27,RISK-OFF,POSSIBLE_OPPORTUNITY,Logistics_Transport,SHORT,TIME_STOP,1.3991,0.7505224754826965,<2.0
BRK-2026-03-27-ASIANPAINT,ASIANPAINT,2026-03-27,RISK-OFF,POSSIBLE_OPPORTUNITY,Chemicals,SHORT,TIME_STOP,2.1729,2.0042237657848485,"[2.0,3.0)"
BRK-2026-03-27-GAIL,GAIL,2026-03-27,RISK-OFF,POSSIBLE_OPPORTUNITY,Power_Utilities,SHORT,TIME_STOP,0.4691,0.23129117989411507,<2.0
BRK-2026-03-27-HINDALCO,HINDALCO,2026-03-27,RISK-OFF,OPPORTUNITY_LAG,Metals_Mining,SHORT,TIME_STOP,-0.2921,0.05107789479716605,<2.0
BRK-2026-03-27-HYUNDAI,HYUNDAI,2026-03-27,RISK-OFF,POSSIBLE_OPPORTUNITY,Autos,SHORT,TIME_STOP,0.7396,2.1673098991617348,"[2.0,3.0)"
BRK-2026-03-27-JINDALSTEL,JINDALSTEL,2026-03-27,RISK-OFF,POSSIBLE_OPPORTUNITY,Metals_Mining,SHORT,TIME_STOP,0.8676,0.25049354402335355,<2.0
BRK-2026-03-27-PREMIERENE,PREMIERENE,2026-03-27,RISK-OFF,POSSIBLE_OPPORTUNITY,Capital_Goods,SHORT,TRAIL,1.203,0.7084562953060134,<2.0
BRK-2026-03-27-RECLTD,RECLTD,2026-03-27,RISK-OFF,POSSIBLE_OPPORTUNITY,Capital_Markets,SHORT,TIME_STOP,0.8967,0.5419459638804323,<2.0
BRK-2026-03-27-SHREECEM,SHREECEM,2026-03-27,RISK-OFF,POSSIBLE_OPPORTUNITY,Cement_Building,SHORT,TIME_STOP,-0.79,1.3277788987909944,<2.0
BRK-2026-03-27-SUNPHARMA,SUNPHARMA,2026-03-27,RISK-OFF,OPPORTUNITY_LAG,Pharma,SHORT,TIME_STOP,-0.0944,0.11106515088497418,<2.0
BRK-2026-03-27-VMM,VMM,2026-03-27,RISK-OFF,POSSIBLE_OPPORTUNITY,Consumer_Discretionary,SHORT,TIME_STOP,1.5559,0.45975649909154503,<2.0
BRK-2026-04-01-ABB,ABB,2026-04-01,RISK-ON,POSSIBLE_OPPORTUNITY,Capital_Goods,LONG,TIME_STOP,-1.3547,0.8969682243160048,<2.0
BRK-2026-04-01-ABCAPITAL,ABCAPITAL,2026-04-01,RISK-ON,POSSIBLE_OPPORTUNITY,Insurance,LONG,TIME_STOP,0.0968,1.9451805188382054,<2.0
BRK-2026-04-01-ADANIENT,ADANIENT,2026-04-01,RISK-ON,POSSIBLE_OPPORTUNITY,Capital_Goods,LONG,TIME_STOP,0.3864,2.3840761697889814,"[2.0,3.0)"
BRK-2026-04-01-BAJAJFINSV,BAJAJFINSV,2026-04-01,RISK-ON,POSSIBLE_OPPORTUNITY,Insurance,LONG,TIME_STOP,-1.3096,0.535530267274992,<2.0
BRK-2026-04-01-BAJFINANCE,BAJFINANCE,2026-04-01,RISK-ON,POSSIBLE_OPPORTUNITY,NBFC_HFC,LONG,TIME_STOP,-2.0189,1.148509095504789,<2.0
BRK-2026-04-01-BANKBARODA,BANKBARODA,2026-04-01,RISK-ON,POSSIBLE_OPPORTUNITY,Banks,LONG,TIME_STOP,-1.2215,1.0925217657163295,<2.0
BRK-2026-04-01-EICHERMOT,EICHERMOT,2026-04-01,RISK-ON,POSSIBLE_OPPORTUNITY,Consumer_Discretionary,LONG,TIME_STOP,0.4237,2.5983463964440516,"[2.0,3.0)"
BRK-2026-04-01-FEDERALBNK,FEDERALBNK,2026-04-01,RISK-ON,POSSIBLE_OPPORTUNITY,Banks,LONG,TIME_STOP,-0.6094,1.6534751115941233,<2.0
BRK-2026-04-01-GODREJCP,GODREJCP,2026-04-01,RISK-ON,POSSIBLE_OPPORTUNITY,FMCG,LONG,TIME_STOP,-0.5103,0.761478924675952,<2.0
BRK-2026-04-01-HAL,HAL,2026-04-01,RISK-ON,POSSIBLE_OPPORTUNITY,Defence,LONG,TIME_STOP,1.0283,2.920909420364442,"[2.0,3.0)"
BRK-2026-04-01-HINDPETRO,HINDPETRO,2026-04-01,RISK-ON,POSSIBLE_OPPORTUNITY,Oil_Gas,LONG,TIME_STOP,-1.6117,0.13918024575416724,<2.0
BRK-2026-04-01-ICICIPRULI,ICICIPRULI,2026-04-01,RISK-ON,POSSIBLE_OPPORTUNITY,Insurance,LONG,TIME_STOP,-0.981,0.30205204738739544,<2.0
BRK-2026-04-01-INDHOTEL,INDHOTEL,2026-04-01,RISK-ON,POSSIBLE_OPPORTUNITY,Real_Estate_Hotels,LONG,TIME_STOP,-0.7928,1.3671281755816453,<2.0
BRK-2026-04-01-INDUSTOWER,INDUSTOWER,2026-04-01,RISK-ON,POSSIBLE_OPPORTUNITY,Infra_EPC,LONG,TIME_STOP,-1.2366,0.4539424709023808,<2.0
BRK-2026-04-01-INFY,INFY,2026-04-01,RISK-ON,POSSIBLE_OPPORTUNITY,IT_Services,LONG,TIME_STOP,-0.8002,1.137664837206356,<2.0
BRK-2026-04-01-IREDA,IREDA,2026-04-01,RISK-ON,POSSIBLE_OPPORTUNITY,Power_Utilities,LONG,TIME_STOP,-0.5224,1.4519439344993308,<2.0
BRK-2026-04-01-JINDALSTEL,JINDALSTEL,2026-04-01,RISK-ON,POSSIBLE_OPPORTUNITY,Metals_Mining,LONG,TIME_STOP,-0.6012,1.046488244580726,<2.0
BRK-2026-04-01-JIOFIN,JIOFIN,2026-04-01,RISK-ON,POSSIBLE_OPPORTUNITY,NBFC_HFC,LONG,TIME_STOP,-0.2778,1.9250703657796402,<2.0
BRK-2026-04-01-KFINTECH,KFINTECH,2026-04-01,RISK-ON,POSSIBLE_OPPORTUNITY,Capital_Markets,LONG,TIME_STOP,-1.4136,0.7826628925179935,<2.0
BRK-2026-04-01-KOTAKBANK,KOTAKBANK,2026-04-01,RISK-ON,POSSIBLE_OPPORTUNITY,Banks,LONG,TIME_STOP,-1.5935,0.5356627283723266,<2.0
BRK-2026-04-01-MANAPPURAM,MANAPPURAM,2026-04-01,RISK-ON,POSSIBLE_OPPORTUNITY,NBFC_HFC,LONG,TIME_STOP,-0.7602,0.7245077825810838,<2.0
BRK-2026-04-01-MARICO,MARICO,2026-04-01,RISK-ON,POSSIBLE_OPPORTUNITY,FMCG,LONG,TIME_STOP,-0.9191,0.6327496948029393,<2.0
BRK-2026-04-01-MUTHOOTFIN,MUTHOOTFIN,2026-04-01,RISK-ON,POSSIBLE_OPPORTUNITY,NBFC_HFC,LONG,TIME_STOP,-0.1205,1.2942817920518115,<2.0
BRK-2026-04-01-NATIONALUM,NATIONALUM,2026-04-01,RISK-ON,POSSIBLE_OPPORTUNITY,Metals_Mining,LONG,TIME_STOP,0.2121,1.0538980747995852,<2.0
BRK-2026-04-01-RBLBANK,RBLBANK,2026-04-01,RISK-ON,POSSIBLE_OPPORTUNITY,Banks,LONG,TIME_STOP,0.6659,1.7118525346502873,<2.0
BRK-2026-04-02-AXISBANK,AXISBANK,2026-04-02,NEUTRAL,POSSIBLE_OPPORTUNITY,Banks,LONG,TIME_STOP,2.348,0.15253405325772743,<2.0
BRK-2026-04-02-BAJAJFINSV,BAJAJFINSV,2026-04-02,NEUTRAL,POSSIBLE_OPPORTUNITY,Insurance,SHORT,TIME_STOP,-1.6977,0.16099490156402665,<2.0
BRK-2026-04-02-GODREJPROP,GODREJPROP,2026-04-02,NEUTRAL,OPPORTUNITY_LAG,Infra_EPC,SHORT,ATR_STOP,-3.7,0.056211795779521394,<2.0
BRK-2026-04-02-HINDPETRO,HINDPETRO,2026-04-02,NEUTRAL,POSSIBLE_OPPORTUNITY,Oil_Gas,SHORT,TIME_STOP,-1.3369,1.1956247536506373,<2.0
BRK-2026-04-02-ICICIPRULI,ICICIPRULI,2026-04-02,NEUTRAL,POSSIBLE_OPPORTUNITY,Insurance,SHORT,TIME_STOP,-0.3201,1.3685017942561422,<2.0
BRK-2026-04-02-JIOFIN,JIOFIN,2026-04-02,NEUTRAL,POSSIBLE_OPPORTUNITY,NBFC_HFC,SHORT,TIME_STOP,-1.3315,0.5043926467754665,<2.0
BRK-2026-04-02-PERSISTENT,PERSISTENT,2026-04-02,NEUTRAL,POSSIBLE_OPPORTUNITY,IT_Services,LONG,TIME_STOP,4.0539,1.5417233094163851,<2.0
BRK-2026-04-02-SWIGGY,SWIGGY,2026-04-02,NEUTRAL,POSSIBLE_OPPORTUNITY,Business_Services,LONG,TIME_STOP,3.9835,1.1227197712810701,<2.0
BRK-2026-04-02-TRENT,TRENT,2026-04-02,NEUTRAL,POSSIBLE_OPPORTUNITY,Consumer_Discretionary,LONG,TIME_STOP,3.4247,0.23309865598829485,<2.0
BRK-2026-04-02-VMM,VMM,2026-04-02,NEUTRAL,POSSIBLE_OPPORTUNITY,Consumer_Discretionary,LONG,TIME_STOP,2.5156,1.021605364407445,<2.0
BRK-2026-04-06-ASTRAL,ASTRAL,2026-04-06,NEUTRAL,POSSIBLE_OPPORTUNITY,Chemicals,SHORT,TIME_STOP,-2.4743,1.0828995055391695,<2.0
BRK-2026-04-06-AXISBANK,AXISBANK,2026-04-06,NEUTRAL,POSSIBLE_OPPORTUNITY,Banks,LONG,TIME_STOP,3.1553,2.7437533579046116,"[2.0,3.0)"
BRK-2026-04-06-HINDUNILVR,HINDUNILVR,2026-04-06,NEUTRAL,POSSIBLE_OPPORTUNITY,FMCG,LONG,TIME_STOP,0.0183,0.8641534634735182,<2.0
BRK-2026-04-06-KOTAKBANK,KOTAKBANK,2026-04-06,NEUTRAL,POSSIBLE_OPPORTUNITY,Banks,LONG,TIME_STOP,2.1633,0.34254465884382945,<2.0
BRK-2026-04-06-PERSISTENT,PERSISTENT,2026-04-06,NEUTRAL,POSSIBLE_OPPORTUNITY,IT_Services,LONG,TIME_STOP,0.9405,0.6518531946399677,<2.0
BRK-2026-04-06-POLICYBZR,POLICYBZR,2026-04-06,NEUTRAL,POSSIBLE_OPPORTUNITY,IT_Services,LONG,TIME_STOP,3.5984,1.0149775576084572,<2.0
BRK-2026-04-06-TRENT,TRENT,2026-04-06,NEUTRAL,POSSIBLE_OPPORTUNITY,Consumer_Discretionary,LONG,TRAIL,1.2672,4.029163627288267,"[4.0,5.0)"
BRK-2026-04-07-AXISBANK,AXISBANK,2026-04-07,NEUTRAL,POSSIBLE_OPPORTUNITY,Banks,LONG,TIME_STOP,1.045,0.1402333312603423,<2.0
BRK-2026-04-07-BHARTIARTL,BHARTIARTL,2026-04-07,NEUTRAL,POSSIBLE_OPPORTUNITY,Telecom,LONG,TIME_STOP,1.1849,1.403831508035115,<2.0
BRK-2026-04-07-FEDERALBNK,FEDERALBNK,2026-04-07,NEUTRAL,POSSIBLE_OPPORTUNITY,Banks,LONG,TIME_STOP,1.603,0.811223841163355,<2.0
BRK-2026-04-07-HINDUNILVR,HINDUNILVR,2026-04-07,NEUTRAL,POSSIBLE_OPPORTUNITY,FMCG,LONG,TIME_STOP,0.3058,1.1676291265690464,<2.0
BRK-2026-04-07-JIOFIN,JIOFIN,2026-04-07,NEUTRAL,OPPORTUNITY_LAG,NBFC_HFC,SHORT,TIME_STOP,0.2976,0.08228936576693707,<2.0
BRK-2026-04-07-PERSISTENT,PERSISTENT,2026-04-07,NEUTRAL,POSSIBLE_OPPORTUNITY,IT_Services,LONG,TIME_STOP,-0.3262,0.5994255310581086,<2.0
BRK-2026-04-08-ABB,ABB,2026-04-08,EUPHORIA,POSSIBLE_OPPORTUNITY,Capital_Goods,LONG,TIME_STOP,1.5054,2.5485282805994123,"[2.0,3.0)"
BRK-2026-04-08-ABCAPITAL,ABCAPITAL,2026-04-08,EUPHORIA,POSSIBLE_OPPORTUNITY,Insurance,LONG,TIME_STOP,3.43,4.40864409660901,"[4.0,5.0)"
BRK-2026-04-08-ALKEM,ALKEM,2026-04-08,EUPHORIA,POSSIBLE_OPPORTUNITY,Pharma,LONG,TIME_STOP,-0.7495,0.7142087819890631,<2.0
BRK-2026-04-08-APOLLOHOSP,APOLLOHOSP,2026-04-08,EUPHORIA,POSSIBLE_OPPORTUNITY,Hospitals_Diagnostics,LONG,TIME_STOP,-1.3352,0.3873988137982732,<2.0
BRK-2026-04-08-AXISBANK,AXISBANK,2026-04-08,EUPHORIA,POSSIBLE_OPPORTUNITY,Banks,LONG,TIME_STOP,0.7903,4.334556443155784,"[4.0,5.0)"
BRK-2026-04-08-BAJAJFINSV,BAJAJFINSV,2026-04-08,EUPHORIA,POSSIBLE_OPPORTUNITY,Insurance,LONG,TIME_STOP,-1.0177,3.2574209433440546,"[3.0,4.0)"
BRK-2026-04-08-BANKBARODA,BANKBARODA,2026-04-08,EUPHORIA,POSSIBLE_OPPORTUNITY,Banks,LONG,TIME_STOP,2.2323,3.9781948398659988,"[3.0,4.0)"
BRK-2026-04-08-CANBK,CANBK,2026-04-08,EUPHORIA,POSSIBLE_OPPORTUNITY,Banks,LONG,TIME_STOP,1.7556,3.907668464794341,"[3.0,4.0)"
BRK-2026-04-08-DIVISLAB,DIVISLAB,2026-04-08,EUPHORIA,POSSIBLE_OPPORTUNITY,Unmapped,LONG,TIME_STOP,-0.7653,0.08205435121873651,<2.0
BRK-2026-04-08-DLF,DLF,2026-04-08,EUPHORIA,POSSIBLE_OPPORTUNITY,Infra_EPC,LONG,TIME_STOP,2.5524,3.9803448467161187,"[3.0,4.0)"
BRK-2026-04-08-FEDERALBNK,FEDERALBNK,2026-04-08,EUPHORIA,POSSIBLE_OPPORTUNITY,Banks,LONG,TIME_STOP,-0.9158,1.6641010020427471,<2.0
BRK-2026-04-08-HAL,HAL,2026-04-08,EUPHORIA,POSSIBLE_OPPORTUNITY,Defence,LONG,TIME_STOP,0.7853,1.1935187771492866,<2.0
BRK-2026-04-08-HCLTECH,HCLTECH,2026-04-08,EUPHORIA,POSSIBLE_OPPORTUNITY,IT_Services,LONG,TIME_STOP,0.4712,0.5773793314483633,<2.0
BRK-2026-04-08-HINDPETRO,HINDPETRO,2026-04-08,EUPHORIA,POSSIBLE_OPPORTUNITY,Oil_Gas,LONG,TRAIL,1.9421,4.730739515230023,"[4.0,5.0)"
BRK-2026-04-08-ICICIBANK,ICICIBANK,2026-04-08,EUPHORIA,POSSIBLE_OPPORTUNITY,Banks,LONG,TIME_STOP,0.8573,3.760459386823536,"[3.0,4.0)"
BRK-2026-04-08-ICICIGI,ICICIGI,2026-04-08,EUPHORIA,POSSIBLE_OPPORTUNITY,Insurance,LONG,TIME_STOP,-1.3286,0.908518856499878,<2.0
BRK-2026-04-08-INDUSINDBK,INDUSINDBK,2026-04-08,EUPHORIA,POSSIBLE_OPPORTUNITY,Banks,LONG,TRAIL,1.2677,4.103859876990916,"[4.0,5.0)"
BRK-2026-04-08-IREDA,IREDA,2026-04-08,EUPHORIA,POSSIBLE_OPPORTUNITY,Power_Utilities,LONG,TIME_STOP,1.4919,2.1575750210166253,"[2.0,3.0)"
BRK-2026-04-08-JINDALSTEL,JINDALSTEL,2026-04-08,EUPHORIA,POSSIBLE_OPPORTUNITY,Metals_Mining,LONG,TIME_STOP,0.2871,2.016878935693485,"[2.0,3.0)"
BRK-2026-04-08-POLYCAB,POLYCAB,2026-04-08,EUPHORIA,POSSIBLE_OPPORTUNITY,Capital_Goods,LONG,TIME_STOP,0.2231,2.2604453912992226,"[2.0,3.0)"
BRK-2026-04-08-RBLBANK,RBLBANK,2026-04-08,EUPHORIA,POSSIBLE_OPPORTUNITY,Banks,LONG,TIME_STOP,0.7199,1.2969109397833904,<2.0
BRK-2026-04-08-RECLTD,RECLTD,2026-04-08,EUPHORIA,POSSIBLE_OPPORTUNITY,Capital_Markets,LONG,TIME_STOP,0.1676,1.6020086159528344,<2.0
BRK-2026-04-08-TCS,TCS,2026-04-08,EUPHORIA,POSSIBLE_OPPORTUNITY,IT_Services,LONG,TIME_STOP,0.2242,0.31701974535759475,<2.0
BRK-2026-04-09-ABB,ABB,2026-04-09,EUPHORIA,POSSIBLE_OPPORTUNITY,Capital_Goods,LONG,TIME_STOP,0.4403,0.292714589543816,<2.0
BRK-2026-04-09-ALKEM,ALKEM,2026-04-09,EUPHORIA,POSSIBLE_OPPORTUNITY,Pharma,LONG,TIME_STOP,2.0703,1.317242390563179,<2.0
BRK-2026-04-09-APOLLOHOSP,APOLLOHOSP,2026-04-09,EUPHORIA,POSSIBLE_OPPORTUNITY,Hospitals_Diagnostics,LONG,TIME_STOP,-0.2737,0.42205088960005566,<2.0
BRK-2026-04-09-DIVISLAB,DIVISLAB,2026-04-09,EUPHORIA,POSSIBLE_OPPORTUNITY,Unmapped,LONG,TIME_STOP,-0.0142,0.4280196632153381,<2.0
BRK-2026-04-09-EXIDEIND,EXIDEIND,2026-04-09,EUPHORIA,POSSIBLE_OPPORTUNITY,Capital_Goods,SHORT,TRAIL,1.743,0.44399685466738464,<2.0
BRK-2026-04-09-HCLTECH,HCLTECH,2026-04-09,EUPHORIA,POSSIBLE_OPPORTUNITY,IT_Services,LONG,TIME_STOP,0.4705,0.08879986976047284,<2.0
BRK-2026-04-09-IREDA,IREDA,2026-04-09,EUPHORIA,POSSIBLE_OPPORTUNITY,Power_Utilities,LONG,TIME_STOP,-0.3635,0.10852482930919023,<2.0
BRK-2026-04-09-MARICO,MARICO,2026-04-09,EUPHORIA,POSSIBLE_OPPORTUNITY,FMCG,LONG,TIME_STOP,-0.7262,0.10262951138640028,<2.0
BRK-2026-04-09-MCX,MCX,2026-04-09,EUPHORIA,POSSIBLE_OPPORTUNITY,Unmapped,LONG,TIME_STOP,0.3465,0.6292136258575477,<2.0
BRK-2026-04-09-MPHASIS,MPHASIS,2026-04-09,EUPHORIA,POSSIBLE_OPPORTUNITY,IT_Services,LONG,TIME_STOP,1.5619,0.6159617125209468,<2.0
BRK-2026-04-09-PERSISTENT,PERSISTENT,2026-04-09,EUPHORIA,POSSIBLE_OPPORTUNITY,IT_Services,LONG,TIME_STOP,1.5546,0.7348855000623122,<2.0
BRK-2026-04-09-POLYCAB,POLYCAB,2026-04-09,EUPHORIA,POSSIBLE_OPPORTUNITY,Capital_Goods,LONG,TIME_STOP,-1.0573,0.1626731402845411,<2.0
BRK-2026-04-09-VEDL,VEDL,2026-04-09,EUPHORIA,POSSIBLE_OPPORTUNITY,Metals_Mining,LONG,TIME_STOP,-0.043,0.8125797196481364,<2.0
BRK-2026-04-10-ABCAPITAL,ABCAPITAL,2026-04-10,EUPHORIA,POSSIBLE_OPPORTUNITY,Insurance,LONG,TIME_STOP,-0.3761,0.7790323176636801,<2.0
BRK-2026-04-10-ADANIENT,ADANIENT,2026-04-10,EUPHORIA,POSSIBLE_OPPORTUNITY,Capital_Goods,LONG,TIME_STOP,0.5458,0.8413412424730342,<2.0
BRK-2026-04-10-AUBANK,AUBANK,2026-04-10,EUPHORIA,POSSIBLE_OPPORTUNITY,Banks,LONG,TIME_STOP,-0.4957,0.6644572354043525,<2.0
BRK-2026-04-10-AXISBANK,AXISBANK,2026-04-10,EUPHORIA,POSSIBLE_OPPORTUNITY,Banks,LONG,TIME_STOP,-0.3261,1.5460896698299096,<2.0
BRK-2026-04-10-BAJAJFINSV,BAJAJFINSV,2026-04-10,EUPHORIA,POSSIBLE_OPPORTUNITY,Insurance,LONG,TIME_STOP,0.0896,1.0936659607234989,<2.0
BRK-2026-04-10-BANKBARODA,BANKBARODA,2026-04-10,EUPHORIA,POSSIBLE_OPPORTUNITY,Banks,LONG,TIME_STOP,-0.7312,0.2767147242527176,<2.0
BRK-2026-04-10-CANBK,CANBK,2026-04-10,EUPHORIA,POSSIBLE_OPPORTUNITY,Banks,LONG,TIME_STOP,-0.5709,0.7753810389149323,<2.0
BRK-2026-04-10-DLF,DLF,2026-04-10,EUPHORIA,POSSIBLE_OPPORTUNITY,Infra_EPC,LONG,TIME_STOP,-0.3058,0.584655674788855,<2.0
BRK-2026-04-10-EICHERMOT,EICHERMOT,2026-04-10,EUPHORIA,POSSIBLE_OPPORTUNITY,Consumer_Discretionary,LONG,TIME_STOP,1.5403,2.292975821513325,"[2.0,3.0)"
BRK-2026-04-10-FEDERALBNK,FEDERALBNK,2026-04-10,EUPHORIA,POSSIBLE_OPPORTUNITY,Banks,LONG,TIME_STOP,0.5979,1.4412514790014475,<2.0
BRK-2026-04-10-GODREJPROP,GODREJPROP,2026-04-10,EUPHORIA,POSSIBLE_OPPORTUNITY,Infra_EPC,LONG,TIME_STOP,-1.0401,0.34395072093683277,<2.0
BRK-2026-04-10-HAL,HAL,2026-04-10,EUPHORIA,POSSIBLE_OPPORTUNITY,Defence,LONG,TIME_STOP,-0.2585,0.7370441274885606,<2.0
BRK-2026-04-10-HEROMOTOCO,HEROMOTOCO,2026-04-10,EUPHORIA,POSSIBLE_OPPORTUNITY,Consumer_Discretionary,LONG,TIME_STOP,1.0828,2.024361544216445,"[2.0,3.0)"
BRK-2026-04-10-ICICIBANK,ICICIBANK,2026-04-10,EUPHORIA,POSSIBLE_OPPORTUNITY,Banks,LONG,TIME_STOP,0.9124,2.2469368258541875,"[2.0,3.0)"
BRK-2026-04-10-INDUSINDBK,INDUSINDBK,2026-04-10,EUPHORIA,POSSIBLE_OPPORTUNITY,Banks,LONG,TIME_STOP,-0.1517,1.0818226645295033,<2.0
BRK-2026-04-10-JINDALSTEL,JINDALSTEL,2026-04-10,EUPHORIA,POSSIBLE_OPPORTUNITY,Metals_Mining,LONG,TIME_STOP,-0.7946,0.7971188247305337,<2.0
BRK-2026-04-10-MOTHERSON,MOTHERSON,2026-04-10,EUPHORIA,POSSIBLE_OPPORTUNITY,Auto_Ancillaries,LONG,TRAIL,0.986,1.8752072268311468,<2.0
BRK-2026-04-10-PIIND,PIIND,2026-04-10,EUPHORIA,POSSIBLE_OPPORTUNITY,Chemicals,LONG,TIME_STOP,0.0664,1.346941108856076,<2.0
BRK-2026-04-10-RBLBANK,RBLBANK,2026-04-10,EUPHORIA,POSSIBLE_OPPORTUNITY,Banks,LONG,TIME_STOP,-0.3089,0.49664660660260973,<2.0
BRK-2026-04-10-RECLTD,RECLTD,2026-04-10,EUPHORIA,POSSIBLE_OPPORTUNITY,Capital_Markets,LONG,TIME_STOP,-0.827,0.27171913678654325,<2.0
BRK-2026-04-10-VEDL,VEDL,2026-04-10,EUPHORIA,POSSIBLE_OPPORTUNITY,Metals_Mining,LONG,TIME_STOP,0.2073,0.2469081568840023,<2.0
BRK-2026-04-13-ADANIENT,ADANIENT,2026-04-13,RISK-ON,POSSIBLE_OPPORTUNITY,Capital_Goods,LONG,TRAIL,2.6967,0.9724389241409759,<2.0
BRK-2026-04-13-BHEL,BHEL,2026-04-13,RISK-ON,POSSIBLE_OPPORTUNITY,Capital_Goods,LONG,TRAIL,2.6449,0.3776880226309787,<2.0
BRK-2026-04-13-ICICIBANK,ICICIBANK,2026-04-13,RISK-ON,POSSIBLE_OPPORTUNITY,Banks,LONG,TIME_STOP,3.7053,2.1113653604934806,"[2.0,3.0)"
BRK-2026-04-13-JINDALSTEL,JINDALSTEL,2026-04-13,RISK-ON,POSSIBLE_OPPORTUNITY,Metals_Mining,LONG,TRAIL,2.0131,0.2417399081445457,<2.0
BRK-2026-04-13-MCX,MCX,2026-04-13,RISK-ON,POSSIBLE_OPPORTUNITY,Unmapped,LONG,TIME_STOP,2.7064,1.3240442746530352,<2.0
BRK-2026-04-13-VEDL,VEDL,2026-04-13,RISK-ON,POSSIBLE_OPPORTUNITY,Metals_Mining,LONG,TIME_STOP,1.612,0.18192337361882688,<2.0
BRK-2026-04-13-VMM,VMM,2026-04-13,RISK-ON,OPPORTUNITY_LAG,Consumer_Discretionary,SHORT,TIME_STOP,-2.2336,0.18086419873043946,<2.0
BRK-2026-04-15-APOLLOHOSP,APOLLOHOSP,2026-04-15,CAUTION,POSSIBLE_OPPORTUNITY,Hospitals_Diagnostics,LONG,TIME_STOP,1.0291,1.3896318375256298,<2.0
BRK-2026-04-15-BAJAJ-AUTO,BAJAJ-AUTO,2026-04-15,CAUTION,POSSIBLE_OPPORTUNITY,NBFC_HFC,LONG,TIME_STOP,-0.6242,0.20106375147589844,<2.0
BRK-2026-04-15-BHEL,BHEL,2026-04-15,CAUTION,POSSIBLE_OPPORTUNITY,Capital_Goods,LONG,TIME_STOP,-0.7406,0.6914222399641833,<2.0
BRK-2026-04-15-BRITANNIA,BRITANNIA,2026-04-15,CAUTION,POSSIBLE_OPPORTUNITY,FMCG,LONG,TIME_STOP,0.1375,0.7123695168818373,<2.0
BRK-2026-04-15-CANBK,CANBK,2026-04-15,CAUTION,POSSIBLE_OPPORTUNITY,Banks,LONG,TIME_STOP,-0.4812,1.0490565108918015,<2.0
BRK-2026-04-15-DLF,DLF,2026-04-15,CAUTION,POSSIBLE_OPPORTUNITY,Infra_EPC,LONG,TRAIL,0.954,1.5707247495892327,<2.0
BRK-2026-04-15-EXIDEIND,EXIDEIND,2026-04-15,CAUTION,POSSIBLE_OPPORTUNITY,Capital_Goods,LONG,TIME_STOP,-0.0481,0.5563093331557782,<2.0
BRK-2026-04-15-HAL,HAL,2026-04-15,CAUTION,POSSIBLE_OPPORTUNITY,Defence,LONG,TIME_STOP,1.3419,1.7806243358386,<2.0
BRK-2026-04-15-INDHOTEL,INDHOTEL,2026-04-15,CAUTION,POSSIBLE_OPPORTUNITY,Real_Estate_Hotels,LONG,TIME_STOP,-0.6781,0.8124955495504971,<2.0
BRK-2026-04-15-LAURUSLABS,LAURUSLABS,2026-04-15,CAUTION,POSSIBLE_OPPORTUNITY,Pharma,LONG,TIME_STOP,0.2945,1.2058469487022219,<2.0
BRK-2026-04-15-MARICO,MARICO,2026-04-15,CAUTION,POSSIBLE_OPPORTUNITY,FMCG,LONG,TIME_STOP,-0.91,0.108677426135698,<2.0
BRK-2026-04-15-MCX,MCX,2026-04-15,CAUTION,POSSIBLE_OPPORTUNITY,Unmapped,LONG,TIME_STOP,1.303,1.121435039205996,<2.0
BRK-2026-04-15-OFSS,OFSS,2026-04-15,CAUTION,POSSIBLE_OPPORTUNITY,IT_Services,LONG,TIME_STOP,1.1242,2.0412313042822205,"[2.0,3.0)"
BRK-2026-04-15-PERSISTENT,PERSISTENT,2026-04-15,CAUTION,POSSIBLE_OPPORTUNITY,IT_Services,LONG,TIME_STOP,-1.0255,0.8128304494062885,<2.0
BRK-2026-04-15-VEDL,VEDL,2026-04-15,CAUTION,POSSIBLE_OPPORTUNITY,Metals_Mining,LONG,TIME_STOP,0.1482,0.6696764202586414,<2.0
BRK-2026-04-16-BHEL,BHEL,2026-04-16,CAUTION,POSSIBLE_OPPORTUNITY,Capital_Goods,LONG,TIME_STOP,0.32,2.5722564459523602,"[2.0,3.0)"
BRK-2026-04-16-DALBHARAT,DALBHARAT,2026-04-16,CAUTION,OPPORTUNITY_LAG,Cement_Building,LONG,TIME_STOP,-0.8459,0.09315203821108752,<2.0
BRK-2026-04-16-DELHIVERY,DELHIVERY,2026-04-16,CAUTION,OPPORTUNITY_LAG,Business_Services,SHORT,TIME_STOP,-0.2218,0.19637556472684164,<2.0
BRK-2026-04-16-DLF,DLF,2026-04-16,CAUTION,POSSIBLE_OPPORTUNITY,Infra_EPC,LONG,TIME_STOP,-0.8572,0.09701918697202024,<2.0
BRK-2026-04-16-EXIDEIND,EXIDEIND,2026-04-16,CAUTION,POSSIBLE_OPPORTUNITY,Capital_Goods,LONG,TIME_STOP,-0.9388,0.06111689809625132,<2.0
BRK-2026-04-16-HAL,HAL,2026-04-16,CAUTION,POSSIBLE_OPPORTUNITY,Defence,LONG,TIME_STOP,-0.6839,1.5271592077262475,<2.0
BRK-2026-04-16-INDHOTEL,INDHOTEL,2026-04-16,CAUTION,POSSIBLE_OPPORTUNITY,Real_Estate_Hotels,LONG,TIME_STOP,-1.1983,0.40259324048947737,<2.0
BRK-2026-04-16-JINDALSTEL,JINDALSTEL,2026-04-16,CAUTION,POSSIBLE_OPPORTUNITY,Metals_Mining,LONG,TIME_STOP,-0.1594,0.2236169846926235,<2.0
BRK-2026-04-16-NATIONALUM,NATIONALUM,2026-04-16,CAUTION,POSSIBLE_OPPORTUNITY,Metals_Mining,LONG,TIME_STOP,-0.4877,0.6565983503617181,<2.0
BRK-2026-04-16-OFSS,OFSS,2026-04-16,CAUTION,POSSIBLE_OPPORTUNITY,IT_Services,LONG,TIME_STOP,0.4566,1.153774465731493,<2.0
BRK-2026-04-16-TECHM,TECHM,2026-04-16,CAUTION,POSSIBLE_OPPORTUNITY,IT_Services,LONG,TIME_STOP,-1.4226,0.21825300394055516,<2.0
BRK-2026-04-16-VEDL,VEDL,2026-04-16,CAUTION,POSSIBLE_OPPORTUNITY,Metals_Mining,LONG,TIME_STOP,-0.1681,0.8341304276502286,<2.0
BRK-2026-04-17-APOLLOHOSP,APOLLOHOSP,2026-04-17,CAUTION,POSSIBLE_OPPORTUNITY,Hospitals_Diagnostics,LONG,TIME_STOP,1.5122,1.6274016990190854,<2.0
BRK-2026-04-17-BRITANNIA,BRITANNIA,2026-04-17,CAUTION,POSSIBLE_OPPORTUNITY,FMCG,LONG,TIME_STOP,2.1223,1.775501413968713,<2.0
BRK-2026-04-17-CANBK,CANBK,2026-04-17,CAUTION,POSSIBLE_OPPORTUNITY,Banks,LONG,TIME_STOP,0.2246,0.43494584561707667,<2.0
BRK-2026-04-17-DLF,DLF,2026-04-17,CAUTION,POSSIBLE_OPPORTUNITY,Infra_EPC,LONG,TIME_STOP,1.7605,0.9213206718712091,<2.0
BRK-2026-04-17-HAL,HAL,2026-04-17,CAUTION,POSSIBLE_OPPORTUNITY,Defence,LONG,TIME_STOP,0.1432,0.24660718140958116,<2.0
BRK-2026-04-17-INDHOTEL,INDHOTEL,2026-04-17,CAUTION,POSSIBLE_OPPORTUNITY,Real_Estate_Hotels,LONG,TIME_STOP,0.3795,0.41312126292604756,<2.0
BRK-2026-04-17-JINDALSTEL,JINDALSTEL,2026-04-17,CAUTION,POSSIBLE_OPPORTUNITY,Metals_Mining,LONG,TIME_STOP,3.1898,1.9137521061995155,<2.0
BRK-2026-04-17-JSWSTEEL,JSWSTEEL,2026-04-17,CAUTION,POSSIBLE_OPPORTUNITY,Metals_Mining,LONG,TIME_STOP,1.7685,1.0565191793803774,<2.0
BRK-2026-04-17-NATIONALUM,NATIONALUM,2026-04-17,CAUTION,POSSIBLE_OPPORTUNITY,Metals_Mining,LONG,TIME_STOP,2.1909,0.4004700631241453,<2.0
BRK-2026-04-17-OBEROIRLTY,OBEROIRLTY,2026-04-17,CAUTION,POSSIBLE_OPPORTUNITY,Infra_EPC,LONG,TIME_STOP,-0.41,0.13542945034963627,<2.0
BRK-2026-04-17-PAYTM,PAYTM,2026-04-17,CAUTION,POSSIBLE_OPPORTUNITY,NBFC_HFC,LONG,TIME_STOP,0.7175,0.33198901278419995,<2.0
BRK-2026-04-17-RECLTD,RECLTD,2026-04-17,CAUTION,POSSIBLE_OPPORTUNITY,Capital_Markets,LONG,TRAIL,2.2653,0.8578236919587017,<2.0
BRK-2026-04-17-VEDL,VEDL,2026-04-17,CAUTION,POSSIBLE_OPPORTUNITY,Metals_Mining,LONG,TIME_STOP,0.9099,0.1753189915344387,<2.0
BRK-2026-04-20-ADANIPORTS,ADANIPORTS,2026-04-20,NEUTRAL,POSSIBLE_OPPORTUNITY,Logistics_Transport,LONG,TIME_STOP,0.1351,0.09506239773852004,<2.0
BRK-2026-04-20-BAJAJFINSV,BAJAJFINSV,2026-04-20,NEUTRAL,POSSIBLE_OPPORTUNITY,Insurance,SHORT,TIME_STOP,-0.3471,0.20725367386028992,<2.0
BRK-2026-04-20-DLF,DLF,2026-04-20,NEUTRAL,POSSIBLE_OPPORTUNITY,Infra_EPC,SHORT,TIME_STOP,-0.0499,0.3339698391011977,<2.0
BRK-2026-04-20-HAL,HAL,2026-04-20,NEUTRAL,POSSIBLE_OPPORTUNITY,Defence,SHORT,TIME_STOP,-0.2206,0.338048410419336,<2.0
BRK-2026-04-20-IDFCFIRSTB,IDFCFIRSTB,2026-04-20,NEUTRAL,POSSIBLE_OPPORTUNITY,Banks,SHORT,TIME_STOP,0.1821,0.581726235919853,<2.0
BRK-2026-04-20-NATIONALUM,NATIONALUM,2026-04-20,NEUTRAL,POSSIBLE_OPPORTUNITY,Metals_Mining,SHORT,TIME_STOP,0.0335,1.1214199810997199,<2.0
BRK-2026-04-20-PAYTM,PAYTM,2026-04-20,NEUTRAL,POSSIBLE_OPPORTUNITY,NBFC_HFC,LONG,TIME_STOP,-0.7468,0.121918755817447,<2.0
BRK-2026-04-20-PPLPHARMA,PPLPHARMA,2026-04-20,NEUTRAL,OPPORTUNITY_LAG,Pharma,SHORT,TIME_STOP,-1.1817,0.04810891225156155,<2.0
BRK-2026-04-20-TCS,TCS,2026-04-20,NEUTRAL,OPPORTUNITY_LAG,IT_Services,SHORT,TIME_STOP,-0.8303,0.1166869089204179,<2.0
BRK-2026-04-21-ADANIENSOL,ADANIENSOL,2026-04-21,CAUTION,POSSIBLE_OPPORTUNITY,Power_Utilities,LONG,TIME_STOP,0.6869,0.09838625771520497,<2.0
BRK-2026-04-21-ADANIPORTS,ADANIPORTS,2026-04-21,CAUTION,POSSIBLE_OPPORTUNITY,Logistics_Transport,LONG,TIME_STOP,-0.2313,0.38055420297958015,<2.0
BRK-2026-04-21-APOLLOHOSP,APOLLOHOSP,2026-04-21,CAUTION,POSSIBLE_OPPORTUNITY,Hospitals_Diagnostics,LONG,TIME_STOP,0.6457,0.9079963251801331,<2.0
BRK-2026-04-21-AUBANK,AUBANK,2026-04-21,CAUTION,POSSIBLE_OPPORTUNITY,Banks,LONG,TRAIL,2.4812,2.4872431501785397,"[2.0,3.0)"
BRK-2026-04-21-BHEL,BHEL,2026-04-21,CAUTION,POSSIBLE_OPPORTUNITY,Capital_Goods,LONG,TRAIL,1.3106,0.9214971854159023,<2.0
BRK-2026-04-21-BIOCON,BIOCON,2026-04-21,CAUTION,POSSIBLE_OPPORTUNITY,Pharma,LONG,TIME_STOP,0.1048,0.10073110462895249,<2.0
BRK-2026-04-21-BOSCHLTD,BOSCHLTD,2026-04-21,CAUTION,POSSIBLE_OPPORTUNITY,Auto_Ancillaries,LONG,TIME_STOP,0.711,0.42061580978354957,<2.0
BRK-2026-04-21-BRITANNIA,BRITANNIA,2026-04-21,CAUTION,POSSIBLE_OPPORTUNITY,FMCG,LONG,TIME_STOP,1.4228,1.5888986182992335,<2.0
BRK-2026-04-21-CANBK,CANBK,2026-04-21,CAUTION,POSSIBLE_OPPORTUNITY,Banks,LONG,TIME_STOP,0.113,0.4952369535984847,<2.0
BRK-2026-04-21-COFORGE,COFORGE,2026-04-21,CAUTION,POSSIBLE_OPPORTUNITY,IT_Services,LONG,TIME_STOP,0.3608,0.11304923387560747,<2.0
BRK-2026-04-21-DABUR,DABUR,2026-04-21,CAUTION,POSSIBLE_OPPORTUNITY,FMCG,LONG,TRAIL,1.7615,1.4771533178053737,<2.0
BRK-2026-04-21-DALBHARAT,DALBHARAT,2026-04-21,CAUTION,POSSIBLE_OPPORTUNITY,Cement_Building,LONG,TIME_STOP,0.0517,0.17484881220945528,<2.0
BRK-2026-04-21-DIXON,DIXON,2026-04-21,CAUTION,POSSIBLE_OPPORTUNITY,Consumer_Discretionary,LONG,TIME_STOP,-0.359,0.09059602131978406,<2.0
BRK-2026-04-21-DLF,DLF,2026-04-21,CAUTION,POSSIBLE_OPPORTUNITY,Infra_EPC,LONG,TIME_STOP,0.4627,0.8350055578522133,<2.0
BRK-2026-04-21-DRREDDY,DRREDDY,2026-04-21,CAUTION,POSSIBLE_OPPORTUNITY,Unmapped,SHORT,TIME_STOP,0.4757,0.7087153850198034,<2.0
BRK-2026-04-21-EICHERMOT,EICHERMOT,2026-04-21,CAUTION,POSSIBLE_OPPORTUNITY,Consumer_Discretionary,LONG,TIME_STOP,0.2622,0.18896419365193495,<2.0
BRK-2026-04-21-EXIDEIND,EXIDEIND,2026-04-21,CAUTION,POSSIBLE_OPPORTUNITY,Capital_Goods,LONG,TIME_STOP,0.7234,0.31655028511825084,<2.0
BRK-2026-04-21-FEDERALBNK,FEDERALBNK,2026-04-21,CAUTION,POSSIBLE_OPPORTUNITY,Banks,LONG,TIME_STOP,-0.5709,0.23169709169728264,<2.0
BRK-2026-04-21-GAIL,GAIL,2026-04-21,CAUTION,POSSIBLE_OPPORTUNITY,Power_Utilities,LONG,TIME_STOP,0.7885,0.8237125299044135,<2.0
BRK-2026-04-21-GLENMARK,GLENMARK,2026-04-21,CAUTION,POSSIBLE_OPPORTUNITY,Pharma,LONG,TIME_STOP,0.1413,0.08103383651631127,<2.0
BRK-2026-04-21-GRASIM,GRASIM,2026-04-21,CAUTION,POSSIBLE_OPPORTUNITY,Cement_Building,LONG,TIME_STOP,0.0918,0.32748310964115984,<2.0
BRK-2026-04-21-HAL,HAL,2026-04-21,CAUTION,POSSIBLE_OPPORTUNITY,Defence,LONG,TIME_STOP,0.218,0.113262894231069,<2.0
BRK-2026-04-21-HDFCBANK,HDFCBANK,2026-04-21,CAUTION,POSSIBLE_OPPORTUNITY,Banks,LONG,TIME_STOP,1.0416,1.7919608488926182,<2.0
BRK-2026-04-21-ICICIGI,ICICIGI,2026-04-21,CAUTION,POSSIBLE_OPPORTUNITY,Insurance,SHORT,TIME_STOP,-0.3134,1.3891515418638454,<2.0
BRK-2026-04-21-IDEA,IDEA,2026-04-21,CAUTION,POSSIBLE_OPPORTUNITY,Telecom,LONG,TRAIL,1.1134,0.19971829243687303,<2.0
BRK-2026-04-21-INDHOTEL,INDHOTEL,2026-04-21,CAUTION,POSSIBLE_OPPORTUNITY,Real_Estate_Hotels,LONG,TIME_STOP,0.5716,0.4155670292869379,<2.0
BRK-2026-04-21-INDUSTOWER,INDUSTOWER,2026-04-21,CAUTION,POSSIBLE_OPPORTUNITY,Infra_EPC,LONG,TIME_STOP,1.3355,0.8267943194170728,<2.0
BRK-2026-04-21-JINDALSTEL,JINDALSTEL,2026-04-21,CAUTION,POSSIBLE_OPPORTUNITY,Metals_Mining,LONG,TIME_STOP,-0.3936,0.0685139944495577,<2.0
BRK-2026-04-21-JSWSTEEL,JSWSTEEL,2026-04-21,CAUTION,POSSIBLE_OPPORTUNITY,Metals_Mining,LONG,TIME_STOP,-0.8042,0.09030475828490561,<2.0
BRK-2026-04-21-JUBLFOOD,JUBLFOOD,2026-04-21,CAUTION,POSSIBLE_OPPORTUNITY,Real_Estate_Hotels,LONG,TRAIL,1.4169,1.7208696619474053,<2.0
BRK-2026-04-21-KAYNES,KAYNES,2026-04-21,CAUTION,POSSIBLE_OPPORTUNITY,Capital_Goods,LONG,TIME_STOP,1.1435,0.07094442182883924,<2.0
BRK-2026-04-21-KFINTECH,KFINTECH,2026-04-21,CAUTION,POSSIBLE_OPPORTUNITY,Capital_Markets,LONG,TIME_STOP,1.3752,0.614969586899818,<2.0
BRK-2026-04-21-LUPIN,LUPIN,2026-04-21,CAUTION,POSSIBLE_OPPORTUNITY,Pharma,SHORT,TIME_STOP,0.6227,0.38351241081474463,<2.0
BRK-2026-04-21-M&M,M&M,2026-04-21,CAUTION,POSSIBLE_OPPORTUNITY,Unmapped,LONG,TIME_STOP,0.3412,0.2042751777032865,<2.0
BRK-2026-04-21-MANAPPURAM,MANAPPURAM,2026-04-21,CAUTION,POSSIBLE_OPPORTUNITY,NBFC_HFC,LONG,TIME_STOP,2.8425,1.98972137526019,<2.0
BRK-2026-04-21-MUTHOOTFIN,MUTHOOTFIN,2026-04-21,CAUTION,POSSIBLE_OPPORTUNITY,NBFC_HFC,LONG,TIME_STOP,1.1767,0.8683716678573553,<2.0
BRK-2026-04-21-OBEROIRLTY,OBEROIRLTY,2026-04-21,CAUTION,POSSIBLE_OPPORTUNITY,Infra_EPC,LONG,TIME_STOP,-0.443,0.7749746106354216,<2.0
BRK-2026-04-21-PAYTM,PAYTM,2026-04-21,CAUTION,POSSIBLE_OPPORTUNITY,NBFC_HFC,LONG,TIME_STOP,-0.1359,0.09382598355942695,<2.0
BRK-2026-04-21-PETRONET,PETRONET,2026-04-21,CAUTION,POSSIBLE_OPPORTUNITY,Oil_Gas,LONG,TIME_STOP,2.0959,1.125267359168498,<2.0
BRK-2026-04-21-PPLPHARMA,PPLPHARMA,2026-04-21,CAUTION,POSSIBLE_OPPORTUNITY,Pharma,LONG,TIME_STOP,0.879,0.42424014062745813,<2.0
BRK-2026-04-21-SAIL,SAIL,2026-04-21,CAUTION,POSSIBLE_OPPORTUNITY,Metals_Mining,LONG,TIME_STOP,-0.7841,0.4847873382535625,<2.0
BRK-2026-04-21-SBILIFE,SBILIFE,2026-04-21,CAUTION,POSSIBLE_OPPORTUNITY,Insurance,SHORT,TIME_STOP,0.2845,2.356902425165812,"[2.0,3.0)"
BRK-2026-04-21-SHRIRAMFIN,SHRIRAMFIN,2026-04-21,CAUTION,POSSIBLE_OPPORTUNITY,NBFC_HFC,LONG,TIME_STOP,-1.2236,0.12537222054659622,<2.0
BRK-2026-04-21-ULTRACEMCO,ULTRACEMCO,2026-04-21,CAUTION,POSSIBLE_OPPORTUNITY,Cement_Building,LONG,TIME_STOP,1.3488,0.5741191956974794,<2.0
BRK-2026-04-21-UNITDSPR,UNITDSPR,2026-04-21,CAUTION,POSSIBLE_OPPORTUNITY,FMCG,LONG,TIME_STOP,2.9728,3.0279664523397125,"[3.0,4.0)"
BRK-2026-04-21-VMM,VMM,2026-04-21,CAUTION,POSSIBLE_OPPORTUNITY,Consumer_Discretionary,LONG,TRAIL,1.0865,1.766933708188857,<2.0
BRK-2026-04-21-WAAREEENER,WAAREEENER,2026-04-21,CAUTION,POSSIBLE_OPPORTUNITY,Capital_Goods,SHORT,TIME_STOP,1.0137,0.1160193237216266,<2.0
BRK-2026-04-22-ADANIENSOL,ADANIENSOL,2026-04-22,CAUTION,POSSIBLE_OPPORTUNITY,Power_Utilities,LONG,TRAIL,3.4253,2.2458671143094397,"[2.0,3.0)"
BRK-2026-04-22-ASHOKLEY,ASHOKLEY,2026-04-22,CAUTION,POSSIBLE_OPPORTUNITY,Autos,LONG,TRAIL,1.7046,0.5477208348546782,<2.0
BRK-2026-04-22-ASTRAL,ASTRAL,2026-04-22,CAUTION,POSSIBLE_OPPORTUNITY,Chemicals,LONG,TIME_STOP,0.2479,0.1892146071501448,<2.0
BRK-2026-04-22-AUBANK,AUBANK,2026-04-22,CAUTION,POSSIBLE_OPPORTUNITY,Banks,LONG,TIME_STOP,0.6915,0.24070944606422004,<2.0
BRK-2026-04-22-BHEL,BHEL,2026-04-22,CAUTION,POSSIBLE_OPPORTUNITY,Capital_Goods,LONG,TIME_STOP,-0.1431,0.07740379086519909,<2.0
BRK-2026-04-22-CANBK,CANBK,2026-04-22,CAUTION,POSSIBLE_OPPORTUNITY,Banks,LONG,TIME_STOP,0.8959,0.2889676876801881,<2.0
BRK-2026-04-22-CUMMINSIND,CUMMINSIND,2026-04-22,CAUTION,POSSIBLE_OPPORTUNITY,Auto_Ancillaries,LONG,TIME_STOP,2.2626,1.0608897852718004,<2.0
BRK-2026-04-22-DABUR,DABUR,2026-04-22,CAUTION,POSSIBLE_OPPORTUNITY,FMCG,LONG,TIME_STOP,1.6284,1.1043158337798302,<2.0
BRK-2026-04-22-DELHIVERY,DELHIVERY,2026-04-22,CAUTION,POSSIBLE_OPPORTUNITY,Business_Services,SHORT,TRAIL,1.9156,0.8304398915595803,<2.0
BRK-2026-04-22-DIVISLAB,DIVISLAB,2026-04-22,CAUTION,POSSIBLE_OPPORTUNITY,Unmapped,LONG,TIME_STOP,-0.192,0.09282747043376939,<2.0
BRK-2026-04-22-DIXON,DIXON,2026-04-22,CAUTION,POSSIBLE_OPPORTUNITY,Consumer_Discretionary,LONG,TIME_STOP,-0.0625,0.09939328538401336,<2.0
BRK-2026-04-22-DLF,DLF,2026-04-22,CAUTION,POSSIBLE_OPPORTUNITY,Infra_EPC,LONG,TIME_STOP,0.739,0.16018762418414817,<2.0
BRK-2026-04-22-DRREDDY,DRREDDY,2026-04-22,CAUTION,POSSIBLE_OPPORTUNITY,Unmapped,SHORT,TIME_STOP,-1.0668,0.13724159051575163,<2.0
BRK-2026-04-22-EXIDEIND,EXIDEIND,2026-04-22,CAUTION,POSSIBLE_OPPORTUNITY,Capital_Goods,LONG,TRAIL,5.9939,2.592424191109882,"[2.0,3.0)"
BRK-2026-04-22-GAIL,GAIL,2026-04-22,CAUTION,POSSIBLE_OPPORTUNITY,Power_Utilities,LONG,TIME_STOP,2.4394,1.4966560465823948,<2.0
BRK-2026-04-22-GRASIM,GRASIM,2026-04-22,CAUTION,POSSIBLE_OPPORTUNITY,Cement_Building,LONG,TIME_STOP,0.1106,0.12057978915820432,<2.0
BRK-2026-04-22-HAL,HAL,2026-04-22,CAUTION,POSSIBLE_OPPORTUNITY,Defence,LONG,TIME_STOP,0.0489,0.464486033255039,<2.0
BRK-2026-04-22-HCLTECH,HCLTECH,2026-04-22,CAUTION,POSSIBLE_OPPORTUNITY,IT_Services,SHORT,TRAIL,1.1554,7.114844687390081,5.0+
BRK-2026-04-22-ICICIGI,ICICIGI,2026-04-22,CAUTION,POSSIBLE_OPPORTUNITY,Insurance,SHORT,TIME_STOP,-0.38,0.3613848521908298,<2.0
BRK-2026-04-22-IREDA,IREDA,2026-04-22,CAUTION,POSSIBLE_OPPORTUNITY,Power_Utilities,LONG,TRAIL,6.4638,3.3910894584717686,"[3.0,4.0)"
BRK-2026-04-22-JUBLFOOD,JUBLFOOD,2026-04-22,CAUTION,POSSIBLE_OPPORTUNITY,Real_Estate_Hotels,LONG,TIME_STOP,2.4233,2.2709690629472368,"[2.0,3.0)"
BRK-2026-04-22-KAYNES,KAYNES,2026-04-22,CAUTION,POSSIBLE_OPPORTUNITY,Capital_Goods,LONG,TRAIL,3.9975,1.4937652035660671,<2.0
BRK-2026-04-22-KOTAKBANK,KOTAKBANK,2026-04-22,CAUTION,POSSIBLE_OPPORTUNITY,Banks,SHORT,TIME_STOP,0.6011,0.9109856788407553,<2.0
BRK-2026-04-22-MANAPPURAM,MANAPPURAM,2026-04-22,CAUTION,POSSIBLE_OPPORTUNITY,NBFC_HFC,LONG,TRAIL,4.3304,1.981901781783778,<2.0
BRK-2026-04-22-MARICO,MARICO,2026-04-22,CAUTION,POSSIBLE_OPPORTUNITY,FMCG,LONG,TIME_STOP,1.6472,0.6997147004833836,<2.0
BRK-2026-04-22-NATIONALUM,NATIONALUM,2026-04-22,CAUTION,POSSIBLE_OPPORTUNITY,Metals_Mining,LONG,TIME_STOP,1.9346,1.0336208805509326,<2.0
BRK-2026-04-22-NMDC,NMDC,2026-04-22,CAUTION,POSSIBLE_OPPORTUNITY,Metals_Mining,LONG,TIME_STOP,-1.1404,0.053577593515166326,<2.0
BRK-2026-04-22-NUVAMA,NUVAMA,2026-04-22,CAUTION,POSSIBLE_OPPORTUNITY,Capital_Markets,SHORT,TIME_STOP,0.4475,0.5315980068033564,<2.0
BRK-2026-04-22-OBEROIRLTY,OBEROIRLTY,2026-04-22,CAUTION,POSSIBLE_OPPORTUNITY,Infra_EPC,LONG,TIME_STOP,0.6165,0.15975746366913138,<2.0
BRK-2026-04-22-OFSS,OFSS,2026-04-22,CAUTION,POSSIBLE_OPPORTUNITY,IT_Services,LONG,TRAIL,1.7898,0.8970164143150382,<2.0
BRK-2026-04-22-PETRONET,PETRONET,2026-04-22,CAUTION,POSSIBLE_OPPORTUNITY,Oil_Gas,LONG,TIME_STOP,-0.0706,0.2876503170885731,<2.0
BRK-2026-04-22-POLYCAB,POLYCAB,2026-04-22,CAUTION,POSSIBLE_OPPORTUNITY,Capital_Goods,LONG,TIME_STOP,0.5938,0.5244247924386864,<2.0
BRK-2026-04-22-PPLPHARMA,PPLPHARMA,2026-04-22,CAUTION,POSSIBLE_OPPORTUNITY,Pharma,LONG,TIME_STOP,1.6073,0.6589745741658637,<2.0
BRK-2026-04-22-RECLTD,RECLTD,2026-04-22,CAUTION,POSSIBLE_OPPORTUNITY,Capital_Markets,LONG,TIME_STOP,0.1139,0.09071100148101274,<2.0
BRK-2026-04-22-SAIL,SAIL,2026-04-22,CAUTION,POSSIBLE_OPPORTUNITY,Metals_Mining,LONG,TIME_STOP,-0.7525,0.1965830451470035,<2.0
BRK-2026-04-22-SBILIFE,SBILIFE,2026-04-22,CAUTION,POSSIBLE_OPPORTUNITY,Insurance,SHORT,TIME_STOP,1.5101,0.8811666957326074,<2.0
BRK-2026-04-22-SHREECEM,SHREECEM,2026-04-22,CAUTION,POSSIBLE_OPPORTUNITY,Cement_Building,LONG,TIME_STOP,0.3471,0.4886997290905375,<2.0
BRK-2026-04-22-SHRIRAMFIN,SHRIRAMFIN,2026-04-22,CAUTION,POSSIBLE_OPPORTUNITY,NBFC_HFC,LONG,TIME_STOP,-0.0326,0.16465159247888608,<2.0
BRK-2026-04-22-TATASTEEL,TATASTEEL,2026-04-22,CAUTION,POSSIBLE_OPPORTUNITY,Metals_Mining,LONG,TIME_STOP,-0.1154,0.20982251793006843,<2.0
BRK-2026-04-22-TCS,TCS,2026-04-22,CAUTION,POSSIBLE_OPPORTUNITY,IT_Services,SHORT,TRAIL,1.1709,1.9511426331935668,<2.0
BRK-2026-04-22-ULTRACEMCO,ULTRACEMCO,2026-04-22,CAUTION,POSSIBLE_OPPORTUNITY,Cement_Building,LONG,TIME_STOP,0.1731,0.7526005390457171,<2.0
BRK-2026-04-22-UNITDSPR,UNITDSPR,2026-04-22,CAUTION,POSSIBLE_OPPORTUNITY,FMCG,LONG,TIME_STOP,2.8133,1.5042398605113034,<2.0
BRK-2026-04-22-VMM,VMM,2026-04-22,CAUTION,POSSIBLE_OPPORTUNITY,Consumer_Discretionary,LONG,TIME_STOP,0.5209,0.37763285868323593,<2.0
BRK-2026-04-22-WAAREEENER,WAAREEENER,2026-04-22,CAUTION,POSSIBLE_OPPORTUNITY,Capital_Goods,SHORT,TIME_STOP,0.7241,0.3933628045964603,<2.0
BRK-2026-04-23-BAJAJFINSV,BAJAJFINSV,2026-04-23,NEUTRAL,POSSIBLE_OPPORTUNITY,Insurance,SHORT,TIME_STOP,1.0919,0.2124630015067978,<2.0
BRK-2026-04-23-BHARATFORG,BHARATFORG,2026-04-23,NEUTRAL,POSSIBLE_OPPORTUNITY,Metals_Mining,LONG,TIME_STOP,-1.2217,0.13250278833096804,<2.0
BRK-2026-04-23-BIOCON,BIOCON,2026-04-23,NEUTRAL,POSSIBLE_OPPORTUNITY,Pharma,SHORT,TIME_STOP,-0.4229,0.4093410316733528,<2.0
BRK-2026-04-23-COFORGE,COFORGE,2026-04-23,NEUTRAL,POSSIBLE_OPPORTUNITY,IT_Services,SHORT,TIME_STOP,0.4737,1.7610313917071732,<2.0
BRK-2026-04-23-DIXON,DIXON,2026-04-23,NEUTRAL,POSSIBLE_OPPORTUNITY,Consumer_Discretionary,LONG,TIME_STOP,-1.9135,0.09378643000207677,<2.0
BRK-2026-04-23-HCLTECH,HCLTECH,2026-04-23,NEUTRAL,POSSIBLE_OPPORTUNITY,IT_Services,SHORT,TIME_STOP,-0.2313,8.01509319932863,5.0+
BRK-2026-04-23-HINDPETRO,HINDPETRO,2026-04-23,NEUTRAL,POSSIBLE_OPPORTUNITY,Oil_Gas,SHORT,TIME_STOP,-0.2931,0.15032704617316117,<2.0
BRK-2026-04-23-HINDUNILVR,HINDUNILVR,2026-04-23,NEUTRAL,POSSIBLE_OPPORTUNITY,FMCG,LONG,TIME_STOP,0.2903,2.48852817990416,"[2.0,3.0)"
BRK-2026-04-23-ICICIPRULI,ICICIPRULI,2026-04-23,NEUTRAL,POSSIBLE_OPPORTUNITY,Insurance,SHORT,TIME_STOP,-1.1116,1.2853591015481247,<2.0
BRK-2026-04-23-INFY,INFY,2026-04-23,NEUTRAL,POSSIBLE_OPPORTUNITY,IT_Services,SHORT,TIME_STOP,0.3352,2.222278848093014,"[2.0,3.0)"
BRK-2026-04-23-LICI,LICI,2026-04-23,NEUTRAL,POSSIBLE_OPPORTUNITY,Insurance,SHORT,TIME_STOP,0.5152,0.1292607481650275,<2.0
BRK-2026-04-23-MANKIND,MANKIND,2026-04-23,NEUTRAL,POSSIBLE_OPPORTUNITY,Pharma,LONG,TRAIL,2.2157,0.7057114804483003,<2.0
BRK-2026-04-23-MPHASIS,MPHASIS,2026-04-23,NEUTRAL,POSSIBLE_OPPORTUNITY,IT_Services,SHORT,TIME_STOP,2.2631,1.718171615207702,<2.0
BRK-2026-04-23-NAUKRI,NAUKRI,2026-04-23,NEUTRAL,POSSIBLE_OPPORTUNITY,IT_Services,SHORT,TIME_STOP,0.8409,1.1413687606768443,<2.0
BRK-2026-04-23-NTPC,NTPC,2026-04-23,NEUTRAL,POSSIBLE_OPPORTUNITY,Power_Utilities,LONG,TIME_STOP,-0.435,1.5651755574957937,<2.0
BRK-2026-04-23-PIDILITIND,PIDILITIND,2026-04-23,NEUTRAL,POSSIBLE_OPPORTUNITY,Chemicals,LONG,TIME_STOP,-0.662,0.554122561106128,<2.0
BRK-2026-04-23-POLICYBZR,POLICYBZR,2026-04-23,NEUTRAL,POSSIBLE_OPPORTUNITY,IT_Services,LONG,TIME_STOP,3.3954,0.06291168470758512,<2.0
BRK-2026-04-23-RECLTD,RECLTD,2026-04-23,NEUTRAL,POSSIBLE_OPPORTUNITY,Capital_Markets,SHORT,TIME_STOP,1.3163,0.12960431764223132,<2.0
BRK-2026-04-23-SAMMAANCAP,SAMMAANCAP,2026-04-23,NEUTRAL,POSSIBLE_OPPORTUNITY,NBFC_HFC,SHORT,TIME_STOP,1.1161,0.3786584759328982,<2.0
BRK-2026-04-23-SWIGGY,SWIGGY,2026-04-23,NEUTRAL,POSSIBLE_OPPORTUNITY,Business_Services,LONG,TIME_STOP,1.7217,1.139841096339628,<2.0
BRK-2026-04-23-TATATECH,TATATECH,2026-04-23,NEUTRAL,POSSIBLE_OPPORTUNITY,IT_Services,SHORT,TIME_STOP,1.043,0.7635330294870947,<2.0
BRK-2026-04-23-TCS,TCS,2026-04-23,NEUTRAL,POSSIBLE_OPPORTUNITY,IT_Services,SHORT,TIME_STOP,0.1825,1.9302101185307778,<2.0
BRK-2026-04-23-TRENT,TRENT,2026-04-23,NEUTRAL,POSSIBLE_OPPORTUNITY,Consumer_Discretionary,LONG,TIME_STOP,-2.9273,0.39915250648820494,<2.0
BRK-2026-04-23-UNITDSPR,UNITDSPR,2026-04-23,NEUTRAL,POSSIBLE_OPPORTUNITY,FMCG,LONG,TIME_STOP,0.1983,1.4754283111371251,<2.0
BRK-2026-04-23-VMM,VMM,2026-04-23,NEUTRAL,POSSIBLE_OPPORTUNITY,Consumer_Discretionary,LONG,TRAIL,2.756,0.35179641620923374,<2.0
BRK-2026-04-23-WIPRO,WIPRO,2026-04-23,NEUTRAL,POSSIBLE_OPPORTUNITY,IT_Services,SHORT,TIME_STOP,0.031,0.1840371219757284,<2.0
