date,pair_id,leg_long,leg_short,entry_z,regime,gate_status,direction
2026-02-24,Upstream vs Downstream,"ONGC,OIL","IOC,BPCL",1.416,EUPHORIA,BLOCKED,REVERSE
2026-02-25,Upstream vs Downstream,"ONGC,OIL","IOC,BPCL",1.078,NEUTRAL,BLOCKED,REVERSE
2026-02-26,Upstream vs Downstream,"ONGC,OIL","IOC,BPCL",0.92,CAUTION,BLOCKED,REVERSE
2026-02-27,Upstream vs Downstream,"ONGC,OIL","IOC,BPCL",0.83,RISK-OFF,BLOCKED,REVERSE
2026-03-02,Upstream vs Downstream,"ONGC,OIL","IOC,BPCL",1.824,CAUTION,BLOCKED,REVERSE
2026-03-03,Upstream vs Downstream,"ONGC,OIL","IOC,BPCL",1.749,RISK-OFF,BLOCKED,REVERSE
2026-03-04,Upstream vs Downstream,"ONGC,OIL","IOC,BPCL",2.425,EUPHORIA,OPEN,REVERSE
2026-03-05,Upstream vs Downstream,"ONGC,OIL","IOC,BPCL",2.049,RISK-OFF,OPEN,REVERSE
2026-03-06,Upstream vs Downstream,"ONGC,OIL","IOC,BPCL",2.513,RISK-OFF,OPEN,REVERSE
2026-03-09,Upstream vs Downstream,"ONGC,OIL","IOC,BPCL",2.816,EUPHORIA,OPEN,REVERSE
2026-03-10,Upstream vs Downstream,"ONGC,OIL","IOC,BPCL",2.709,RISK-ON,OPEN,REVERSE
2026-03-11,Upstream vs Downstream,"ONGC,OIL","IOC,BPCL",2.596,CAUTION,OPEN,REVERSE
2026-03-12,Upstream vs Downstream,"ONGC,OIL","IOC,BPCL",2.297,RISK-OFF,OPEN,REVERSE
2026-03-13,Upstream vs Downstream,"ONGC,OIL","IOC,BPCL",2.143,NEUTRAL,OPEN,REVERSE
2026-03-16,Upstream vs Downstream,"ONGC,OIL","IOC,BPCL",2.556,EUPHORIA,OPEN,REVERSE
2026-03-17,Upstream vs Downstream,"ONGC,OIL","IOC,BPCL",2.872,RISK-ON,OPEN,REVERSE
2026-03-18,Upstream vs Downstream,"ONGC,OIL","IOC,BPCL",2.516,RISK-OFF,OPEN,REVERSE
2026-03-19,Upstream vs Downstream,"ONGC,OIL","IOC,BPCL",3.229,RISK-ON,OPEN,REVERSE
2026-03-20,Upstream vs Downstream,"ONGC,OIL","IOC,BPCL",2.657,RISK-OFF,OPEN,REVERSE
2026-03-23,Upstream vs Downstream,"ONGC,OIL","IOC,BPCL",3.116,EUPHORIA,OPEN,REVERSE
2026-03-24,Upstream vs Downstream,"ONGC,OIL","IOC,BPCL",2.72,CAUTION,OPEN,REVERSE
2026-03-25,Upstream vs Downstream,"ONGC,OIL","IOC,BPCL",2.504,RISK-ON,OPEN,REVERSE
2026-03-26,Upstream vs Downstream,"ONGC,OIL","IOC,BPCL",2.353,CAUTION,OPEN,REVERSE
2026-03-27,Upstream vs Downstream,"ONGC,OIL","IOC,BPCL",2.932,RISK-OFF,OPEN,REVERSE
2026-03-30,Upstream vs Downstream,"ONGC,OIL","IOC,BPCL",2.918,EUPHORIA,OPEN,REVERSE
2026-03-31,Upstream vs Downstream,"ONGC,OIL","IOC,BPCL",2.703,EUPHORIA,OPEN,REVERSE
2026-04-01,Upstream vs Downstream,"ONGC,OIL","IOC,BPCL",2.799,RISK-ON,OPEN,REVERSE
2026-04-02,Upstream vs Downstream,"ONGC,OIL","IOC,BPCL",2.682,NEUTRAL,OPEN,REVERSE
2026-04-03,Upstream vs Downstream,"ONGC,OIL","IOC,BPCL",2.506,NEUTRAL,OPEN,REVERSE
2026-04-06,Upstream vs Downstream,"ONGC,OIL","IOC,BPCL",2.34,NEUTRAL,OPEN,REVERSE
2026-04-07,Upstream vs Downstream,"ONGC,OIL","IOC,BPCL",2.36,CAUTION,OPEN,REVERSE
2026-04-08,Upstream vs Downstream,"ONGC,OIL","IOC,BPCL",1.649,EUPHORIA,BLOCKED,REVERSE
2026-04-09,Upstream vs Downstream,"ONGC,OIL","IOC,BPCL",1.727,EUPHORIA,BLOCKED,REVERSE
2026-04-10,Upstream vs Downstream,"ONGC,OIL","IOC,BPCL",1.539,EUPHORIA,BLOCKED,REVERSE
2026-04-13,Upstream vs Downstream,"ONGC,OIL","IOC,BPCL",1.646,RISK-ON,BLOCKED,REVERSE
2026-04-14,Upstream vs Downstream,"ONGC,OIL","IOC,BPCL",1.582,NEUTRAL,BLOCKED,REVERSE
2026-04-15,Upstream vs Downstream,"ONGC,OIL","IOC,BPCL",1.25,CAUTION,BLOCKED,REVERSE
2026-04-16,Upstream vs Downstream,"ONGC,OIL","IOC,BPCL",1.136,CAUTION,BLOCKED,REVERSE
2026-04-17,Upstream vs Downstream,"ONGC,OIL","IOC,BPCL",1.038,CAUTION,BLOCKED,REVERSE
2026-04-20,Upstream vs Downstream,"ONGC,OIL","IOC,BPCL",0.912,NEUTRAL,BLOCKED,REVERSE
2026-04-21,Upstream vs Downstream,"ONGC,OIL","IOC,BPCL",0.84,CAUTION,BLOCKED,REVERSE
2026-04-22,Upstream vs Downstream,"ONGC,OIL","IOC,BPCL",0.869,CAUTION,BLOCKED,REVERSE
2026-04-23,Upstream vs Downstream,"ONGC,OIL","IOC,BPCL",0.84,NEUTRAL,BLOCKED,REVERSE
2026-02-24,Defence vs IT,"HAL,BEL,BDL","TCS,INFY,WIPRO",2.451,EUPHORIA,OPEN,REVERSE
2026-02-25,Defence vs IT,"HAL,BEL,BDL","TCS,INFY,WIPRO",2.238,NEUTRAL,OPEN,REVERSE
2026-02-26,Defence vs IT,"HAL,BEL,BDL","TCS,INFY,WIPRO",2.291,CAUTION,OPEN,REVERSE
2026-02-27,Defence vs IT,"HAL,BEL,BDL","TCS,INFY,WIPRO",1.939,RISK-OFF,BLOCKED,REVERSE
2026-03-02,Defence vs IT,"HAL,BEL,BDL","TCS,INFY,WIPRO",2.145,CAUTION,OPEN,REVERSE
2026-03-03,Defence vs IT,"HAL,BEL,BDL","TCS,INFY,WIPRO",2.03,RISK-OFF,OPEN,REVERSE
2026-03-04,Defence vs IT,"HAL,BEL,BDL","TCS,INFY,WIPRO",1.871,EUPHORIA,BLOCKED,REVERSE
2026-03-05,Defence vs IT,"HAL,BEL,BDL","TCS,INFY,WIPRO",1.984,RISK-OFF,BLOCKED,REVERSE
2026-03-06,Defence vs IT,"HAL,BEL,BDL","TCS,INFY,WIPRO",2.224,RISK-OFF,OPEN,REVERSE
2026-03-09,Defence vs IT,"HAL,BEL,BDL","TCS,INFY,WIPRO",1.895,EUPHORIA,BLOCKED,REVERSE
2026-03-10,Defence vs IT,"HAL,BEL,BDL","TCS,INFY,WIPRO",1.974,RISK-ON,BLOCKED,REVERSE
2026-03-11,Defence vs IT,"HAL,BEL,BDL","TCS,INFY,WIPRO",1.828,CAUTION,BLOCKED,REVERSE
2026-03-12,Defence vs IT,"HAL,BEL,BDL","TCS,INFY,WIPRO",1.807,RISK-OFF,BLOCKED,REVERSE
2026-03-13,Defence vs IT,"HAL,BEL,BDL","TCS,INFY,WIPRO",1.621,NEUTRAL,BLOCKED,REVERSE
2026-03-16,Defence vs IT,"HAL,BEL,BDL","TCS,INFY,WIPRO",1.485,EUPHORIA,BLOCKED,REVERSE
2026-03-17,Defence vs IT,"HAL,BEL,BDL","TCS,INFY,WIPRO",1.734,RISK-ON,BLOCKED,REVERSE
2026-03-18,Defence vs IT,"HAL,BEL,BDL","TCS,INFY,WIPRO",1.502,RISK-OFF,BLOCKED,REVERSE
2026-03-19,Defence vs IT,"HAL,BEL,BDL","TCS,INFY,WIPRO",1.455,RISK-ON,BLOCKED,REVERSE
2026-03-20,Defence vs IT,"HAL,BEL,BDL","TCS,INFY,WIPRO",1.152,RISK-OFF,BLOCKED,REVERSE
2026-03-23,Defence vs IT,"HAL,BEL,BDL","TCS,INFY,WIPRO",0.75,EUPHORIA,BLOCKED,REVERSE
2026-03-24,Defence vs IT,"HAL,BEL,BDL","TCS,INFY,WIPRO",0.759,CAUTION,BLOCKED,REVERSE
2026-03-25,Defence vs IT,"HAL,BEL,BDL","TCS,INFY,WIPRO",0.764,RISK-ON,BLOCKED,REVERSE
2026-03-26,Defence vs IT,"HAL,BEL,BDL","TCS,INFY,WIPRO",0.737,CAUTION,BLOCKED,REVERSE
2026-03-27,Defence vs IT,"HAL,BEL,BDL","TCS,INFY,WIPRO",0.481,RISK-OFF,BLOCKED,REVERSE
2026-03-30,Defence vs IT,"HAL,BEL,BDL","TCS,INFY,WIPRO",0.425,EUPHORIA,BLOCKED,REVERSE
2026-03-31,Defence vs IT,"HAL,BEL,BDL","TCS,INFY,WIPRO",0.401,EUPHORIA,BLOCKED,REVERSE
2026-04-01,Defence vs IT,"HAL,BEL,BDL","TCS,INFY,WIPRO",0.691,RISK-ON,BLOCKED,REVERSE
2026-04-02,Defence vs IT,"HAL,BEL,BDL","TCS,INFY,WIPRO",0.526,NEUTRAL,BLOCKED,REVERSE
2026-04-03,Defence vs IT,"HAL,BEL,BDL","TCS,INFY,WIPRO",0.501,NEUTRAL,BLOCKED,REVERSE
2026-04-06,Defence vs IT,"HAL,BEL,BDL","TCS,INFY,WIPRO",0.573,NEUTRAL,BLOCKED,REVERSE
2026-04-07,Defence vs IT,"HAL,BEL,BDL","TCS,INFY,WIPRO",0.3,CAUTION,BLOCKED,REVERSE
2026-04-08,Defence vs IT,"HAL,BEL,BDL","TCS,INFY,WIPRO",0.481,EUPHORIA,BLOCKED,REVERSE
2026-04-09,Defence vs IT,"HAL,BEL,BDL","TCS,INFY,WIPRO",0.728,EUPHORIA,BLOCKED,REVERSE
2026-04-10,Defence vs IT,"HAL,BEL,BDL","TCS,INFY,WIPRO",1.021,EUPHORIA,BLOCKED,REVERSE
2026-04-13,Defence vs IT,"HAL,BEL,BDL","TCS,INFY,WIPRO",1.123,RISK-ON,BLOCKED,REVERSE
2026-04-14,Defence vs IT,"HAL,BEL,BDL","TCS,INFY,WIPRO",1.089,NEUTRAL,BLOCKED,REVERSE
2026-04-15,Defence vs IT,"HAL,BEL,BDL","TCS,INFY,WIPRO",1.023,CAUTION,BLOCKED,REVERSE
2026-04-16,Defence vs IT,"HAL,BEL,BDL","TCS,INFY,WIPRO",1.185,CAUTION,BLOCKED,REVERSE
2026-04-17,Defence vs IT,"HAL,BEL,BDL","TCS,INFY,WIPRO",1.385,CAUTION,BLOCKED,REVERSE
2026-04-20,Defence vs IT,"HAL,BEL,BDL","TCS,INFY,WIPRO",1.274,NEUTRAL,BLOCKED,REVERSE
2026-04-21,Defence vs IT,"HAL,BEL,BDL","TCS,INFY,WIPRO",1.089,CAUTION,BLOCKED,REVERSE
2026-04-22,Defence vs IT,"HAL,BEL,BDL","TCS,INFY,WIPRO",1.368,CAUTION,BLOCKED,REVERSE
2026-04-23,Defence vs IT,"HAL,BEL,BDL","TCS,INFY,WIPRO",1.336,NEUTRAL,BLOCKED,REVERSE
2026-02-24,Reliance vs OMCs,RELIANCE,"BPCL,IOC",-1.631,EUPHORIA,BLOCKED,NORMAL
2026-02-25,Reliance vs OMCs,RELIANCE,"BPCL,IOC",-2.153,NEUTRAL,OPEN,NORMAL
2026-02-26,Reliance vs OMCs,RELIANCE,"BPCL,IOC",-2.201,CAUTION,OPEN,NORMAL
2026-02-27,Reliance vs OMCs,RELIANCE,"BPCL,IOC",-2.251,RISK-OFF,OPEN,NORMAL
2026-03-02,Reliance vs OMCs,RELIANCE,"BPCL,IOC",-1.979,CAUTION,BLOCKED,NORMAL
2026-03-03,Reliance vs OMCs,RELIANCE,"BPCL,IOC",-1.89,RISK-OFF,BLOCKED,NORMAL
2026-03-04,Reliance vs OMCs,RELIANCE,"BPCL,IOC",-1.329,EUPHORIA,BLOCKED,NORMAL
2026-03-05,Reliance vs OMCs,RELIANCE,"BPCL,IOC",-0.955,RISK-OFF,BLOCKED,NORMAL
2026-03-06,Reliance vs OMCs,RELIANCE,"BPCL,IOC",-0.504,RISK-OFF,BLOCKED,NORMAL
2026-03-09,Reliance vs OMCs,RELIANCE,"BPCL,IOC",0.48,EUPHORIA,BLOCKED,REVERSE
2026-03-10,Reliance vs OMCs,RELIANCE,"BPCL,IOC",0.52,RISK-ON,BLOCKED,REVERSE
2026-03-11,Reliance vs OMCs,RELIANCE,"BPCL,IOC",0.343,CAUTION,BLOCKED,REVERSE
2026-03-12,Reliance vs OMCs,RELIANCE,"BPCL,IOC",0.288,RISK-OFF,BLOCKED,REVERSE
2026-03-13,Reliance vs OMCs,RELIANCE,"BPCL,IOC",0.519,NEUTRAL,BLOCKED,REVERSE
2026-03-16,Reliance vs OMCs,RELIANCE,"BPCL,IOC",1.421,EUPHORIA,BLOCKED,REVERSE
2026-03-17,Reliance vs OMCs,RELIANCE,"BPCL,IOC",1.674,RISK-ON,BLOCKED,REVERSE
2026-03-18,Reliance vs OMCs,RELIANCE,"BPCL,IOC",1.593,RISK-OFF,BLOCKED,REVERSE
2026-03-19,Reliance vs OMCs,RELIANCE,"BPCL,IOC",2.066,RISK-ON,OPEN,REVERSE
2026-03-20,Reliance vs OMCs,RELIANCE,"BPCL,IOC",2.181,RISK-OFF,OPEN,REVERSE
2026-03-23,Reliance vs OMCs,RELIANCE,"BPCL,IOC",2.793,EUPHORIA,OPEN,REVERSE
2026-03-24,Reliance vs OMCs,RELIANCE,"BPCL,IOC",2.376,CAUTION,OPEN,REVERSE
2026-03-25,Reliance vs OMCs,RELIANCE,"BPCL,IOC",2.154,RISK-ON,OPEN,REVERSE
2026-03-26,Reliance vs OMCs,RELIANCE,"BPCL,IOC",2.068,CAUTION,OPEN,REVERSE
2026-03-27,Reliance vs OMCs,RELIANCE,"BPCL,IOC",1.636,RISK-OFF,BLOCKED,REVERSE
2026-03-30,Reliance vs OMCs,RELIANCE,"BPCL,IOC",1.704,EUPHORIA,BLOCKED,REVERSE
2026-03-31,Reliance vs OMCs,RELIANCE,"BPCL,IOC",1.653,EUPHORIA,BLOCKED,REVERSE
2026-04-01,Reliance vs OMCs,RELIANCE,"BPCL,IOC",1.862,RISK-ON,BLOCKED,REVERSE
2026-04-02,Reliance vs OMCs,RELIANCE,"BPCL,IOC",1.771,NEUTRAL,BLOCKED,REVERSE
2026-04-03,Reliance vs OMCs,RELIANCE,"BPCL,IOC",1.719,NEUTRAL,BLOCKED,REVERSE
2026-04-06,Reliance vs OMCs,RELIANCE,"BPCL,IOC",1.306,NEUTRAL,BLOCKED,REVERSE
2026-04-07,Reliance vs OMCs,RELIANCE,"BPCL,IOC",1.293,CAUTION,BLOCKED,REVERSE
2026-04-08,Reliance vs OMCs,RELIANCE,"BPCL,IOC",0.855,EUPHORIA,BLOCKED,REVERSE
2026-04-09,Reliance vs OMCs,RELIANCE,"BPCL,IOC",0.773,EUPHORIA,BLOCKED,REVERSE
2026-04-10,Reliance vs OMCs,RELIANCE,"BPCL,IOC",0.85,EUPHORIA,BLOCKED,REVERSE
2026-04-13,Reliance vs OMCs,RELIANCE,"BPCL,IOC",0.742,RISK-ON,BLOCKED,REVERSE
2026-04-14,Reliance vs OMCs,RELIANCE,"BPCL,IOC",0.736,NEUTRAL,BLOCKED,REVERSE
2026-04-15,Reliance vs OMCs,RELIANCE,"BPCL,IOC",0.491,CAUTION,BLOCKED,REVERSE
2026-04-16,Reliance vs OMCs,RELIANCE,"BPCL,IOC",0.568,CAUTION,BLOCKED,REVERSE
2026-04-17,Reliance vs OMCs,RELIANCE,"BPCL,IOC",0.603,CAUTION,BLOCKED,REVERSE
2026-04-20,Reliance vs OMCs,RELIANCE,"BPCL,IOC",0.474,NEUTRAL,BLOCKED,REVERSE
2026-04-21,Reliance vs OMCs,RELIANCE,"BPCL,IOC",0.332,CAUTION,BLOCKED,REVERSE
2026-04-22,Reliance vs OMCs,RELIANCE,"BPCL,IOC",0.46,CAUTION,BLOCKED,REVERSE
2026-04-23,Reliance vs OMCs,RELIANCE,"BPCL,IOC",0.449,NEUTRAL,BLOCKED,REVERSE
2026-02-24,Coal vs OMCs,COALINDIA,"BPCL,IOC",-0.114,EUPHORIA,BLOCKED,NORMAL
2026-02-25,Coal vs OMCs,COALINDIA,"BPCL,IOC",-0.109,NEUTRAL,BLOCKED,NORMAL
2026-02-26,Coal vs OMCs,COALINDIA,"BPCL,IOC",-0.651,CAUTION,BLOCKED,NORMAL
2026-02-27,Coal vs OMCs,COALINDIA,"BPCL,IOC",-0.822,RISK-OFF,BLOCKED,NORMAL
2026-03-02,Coal vs OMCs,COALINDIA,"BPCL,IOC",-0.317,CAUTION,BLOCKED,NORMAL
2026-03-03,Coal vs OMCs,COALINDIA,"BPCL,IOC",-0.327,RISK-OFF,BLOCKED,NORMAL
2026-03-04,Coal vs OMCs,COALINDIA,"BPCL,IOC",1.059,EUPHORIA,BLOCKED,REVERSE
2026-03-05,Coal vs OMCs,COALINDIA,"BPCL,IOC",1.485,RISK-OFF,BLOCKED,REVERSE
2026-03-06,Coal vs OMCs,COALINDIA,"BPCL,IOC",1.41,RISK-OFF,BLOCKED,REVERSE
2026-03-09,Coal vs OMCs,COALINDIA,"BPCL,IOC",2.28,EUPHORIA,OPEN,REVERSE
2026-03-10,Coal vs OMCs,COALINDIA,"BPCL,IOC",2.622,RISK-ON,OPEN,REVERSE
2026-03-11,Coal vs OMCs,COALINDIA,"BPCL,IOC",2.552,CAUTION,OPEN,REVERSE
2026-03-12,Coal vs OMCs,COALINDIA,"BPCL,IOC",3.136,RISK-OFF,OPEN,REVERSE
2026-03-13,Coal vs OMCs,COALINDIA,"BPCL,IOC",3.129,NEUTRAL,OPEN,REVERSE
2026-03-16,Coal vs OMCs,COALINDIA,"BPCL,IOC",3.377,EUPHORIA,OPEN,REVERSE
2026-03-17,Coal vs OMCs,COALINDIA,"BPCL,IOC",3.345,RISK-ON,OPEN,REVERSE
2026-03-18,Coal vs OMCs,COALINDIA,"BPCL,IOC",2.686,RISK-OFF,OPEN,REVERSE
2026-03-19,Coal vs OMCs,COALINDIA,"BPCL,IOC",3.084,RISK-ON,OPEN,REVERSE
2026-03-20,Coal vs OMCs,COALINDIA,"BPCL,IOC",3.074,RISK-OFF,OPEN,REVERSE
2026-03-23,Coal vs OMCs,COALINDIA,"BPCL,IOC",3.079,EUPHORIA,OPEN,REVERSE
2026-03-24,Coal vs OMCs,COALINDIA,"BPCL,IOC",2.295,CAUTION,OPEN,REVERSE
2026-03-25,Coal vs OMCs,COALINDIA,"BPCL,IOC",2.094,RISK-ON,OPEN,REVERSE
2026-03-26,Coal vs OMCs,COALINDIA,"BPCL,IOC",1.986,CAUTION,BLOCKED,REVERSE
2026-03-27,Coal vs OMCs,COALINDIA,"BPCL,IOC",2.139,RISK-OFF,OPEN,REVERSE
2026-03-30,Coal vs OMCs,COALINDIA,"BPCL,IOC",2.245,EUPHORIA,OPEN,REVERSE
2026-03-31,Coal vs OMCs,COALINDIA,"BPCL,IOC",2.127,EUPHORIA,OPEN,REVERSE
2026-04-01,Coal vs OMCs,COALINDIA,"BPCL,IOC",2.091,RISK-ON,OPEN,REVERSE
2026-04-02,Coal vs OMCs,COALINDIA,"BPCL,IOC",2.088,NEUTRAL,OPEN,REVERSE
2026-04-03,Coal vs OMCs,COALINDIA,"BPCL,IOC",1.979,NEUTRAL,BLOCKED,REVERSE
2026-04-06,Coal vs OMCs,COALINDIA,"BPCL,IOC",2.163,NEUTRAL,OPEN,REVERSE
2026-04-07,Coal vs OMCs,COALINDIA,"BPCL,IOC",2.113,CAUTION,OPEN,REVERSE
2026-04-08,Coal vs OMCs,COALINDIA,"BPCL,IOC",1.227,EUPHORIA,BLOCKED,REVERSE
2026-04-09,Coal vs OMCs,COALINDIA,"BPCL,IOC",1.327,EUPHORIA,BLOCKED,REVERSE
2026-04-10,Coal vs OMCs,COALINDIA,"BPCL,IOC",0.876,EUPHORIA,BLOCKED,REVERSE
2026-04-13,Coal vs OMCs,COALINDIA,"BPCL,IOC",1.002,RISK-ON,BLOCKED,REVERSE
2026-04-14,Coal vs OMCs,COALINDIA,"BPCL,IOC",0.974,NEUTRAL,BLOCKED,REVERSE
2026-04-15,Coal vs OMCs,COALINDIA,"BPCL,IOC",0.656,CAUTION,BLOCKED,REVERSE
2026-04-16,Coal vs OMCs,COALINDIA,"BPCL,IOC",0.644,CAUTION,BLOCKED,REVERSE
2026-04-17,Coal vs OMCs,COALINDIA,"BPCL,IOC",0.637,CAUTION,BLOCKED,REVERSE
2026-04-20,Coal vs OMCs,COALINDIA,"BPCL,IOC",0.599,NEUTRAL,BLOCKED,REVERSE
2026-04-21,Coal vs OMCs,COALINDIA,"BPCL,IOC",0.57,CAUTION,BLOCKED,REVERSE
2026-04-22,Coal vs OMCs,COALINDIA,"BPCL,IOC",0.612,CAUTION,BLOCKED,REVERSE
2026-04-23,Coal vs OMCs,COALINDIA,"BPCL,IOC",0.592,NEUTRAL,BLOCKED,REVERSE
2026-02-24,Pharma vs Cyclicals,"SUNPHARMA,DRREDDY","TMPV,M&M",0.964,EUPHORIA,BLOCKED,REVERSE
2026-02-25,Pharma vs Cyclicals,"SUNPHARMA,DRREDDY","TMPV,M&M",0.866,NEUTRAL,BLOCKED,REVERSE
2026-02-26,Pharma vs Cyclicals,"SUNPHARMA,DRREDDY","TMPV,M&M",0.836,CAUTION,BLOCKED,REVERSE
2026-02-27,Pharma vs Cyclicals,"SUNPHARMA,DRREDDY","TMPV,M&M",0.734,RISK-OFF,BLOCKED,REVERSE
2026-03-02,Pharma vs Cyclicals,"SUNPHARMA,DRREDDY","TMPV,M&M",1.938,CAUTION,BLOCKED,REVERSE
2026-03-03,Pharma vs Cyclicals,"SUNPHARMA,DRREDDY","TMPV,M&M",1.89,RISK-OFF,BLOCKED,REVERSE
2026-03-04,Pharma vs Cyclicals,"SUNPHARMA,DRREDDY","TMPV,M&M",3.177,EUPHORIA,OPEN,REVERSE
2026-03-05,Pharma vs Cyclicals,"SUNPHARMA,DRREDDY","TMPV,M&M",2.933,RISK-OFF,OPEN,REVERSE
2026-03-06,Pharma vs Cyclicals,"SUNPHARMA,DRREDDY","TMPV,M&M",3.008,RISK-OFF,OPEN,REVERSE
2026-03-09,Pharma vs Cyclicals,"SUNPHARMA,DRREDDY","TMPV,M&M",4.136,EUPHORIA,OPEN,REVERSE
2026-03-10,Pharma vs Cyclicals,"SUNPHARMA,DRREDDY","TMPV,M&M",2.988,RISK-ON,OPEN,REVERSE
2026-03-11,Pharma vs Cyclicals,"SUNPHARMA,DRREDDY","TMPV,M&M",3.792,CAUTION,OPEN,REVERSE
2026-03-12,Pharma vs Cyclicals,"SUNPHARMA,DRREDDY","TMPV,M&M",4.175,RISK-OFF,OPEN,REVERSE
2026-03-13,Pharma vs Cyclicals,"SUNPHARMA,DRREDDY","TMPV,M&M",3.953,NEUTRAL,OPEN,REVERSE
2026-03-16,Pharma vs Cyclicals,"SUNPHARMA,DRREDDY","TMPV,M&M",2.974,EUPHORIA,OPEN,REVERSE
2026-03-17,Pharma vs Cyclicals,"SUNPHARMA,DRREDDY","TMPV,M&M",2.468,RISK-ON,OPEN,REVERSE
2026-03-18,Pharma vs Cyclicals,"SUNPHARMA,DRREDDY","TMPV,M&M",1.974,RISK-OFF,BLOCKED,REVERSE
2026-03-19,Pharma vs Cyclicals,"SUNPHARMA,DRREDDY","TMPV,M&M",2.402,RISK-ON,OPEN,REVERSE
2026-03-20,Pharma vs Cyclicals,"SUNPHARMA,DRREDDY","TMPV,M&M",2.369,RISK-OFF,OPEN,REVERSE
2026-03-23,Pharma vs Cyclicals,"SUNPHARMA,DRREDDY","TMPV,M&M",2.359,EUPHORIA,OPEN,REVERSE
2026-03-24,Pharma vs Cyclicals,"SUNPHARMA,DRREDDY","TMPV,M&M",1.936,CAUTION,BLOCKED,REVERSE
2026-03-25,Pharma vs Cyclicals,"SUNPHARMA,DRREDDY","TMPV,M&M",1.863,RISK-ON,BLOCKED,REVERSE
2026-03-26,Pharma vs Cyclicals,"SUNPHARMA,DRREDDY","TMPV,M&M",1.777,CAUTION,BLOCKED,REVERSE
2026-03-27,Pharma vs Cyclicals,"SUNPHARMA,DRREDDY","TMPV,M&M",2.153,RISK-OFF,OPEN,REVERSE
2026-03-30,Pharma vs Cyclicals,"SUNPHARMA,DRREDDY","TMPV,M&M",2.1,EUPHORIA,OPEN,REVERSE
2026-03-31,Pharma vs Cyclicals,"SUNPHARMA,DRREDDY","TMPV,M&M",1.99,EUPHORIA,BLOCKED,REVERSE
2026-04-01,Pharma vs Cyclicals,"SUNPHARMA,DRREDDY","TMPV,M&M",1.397,RISK-ON,BLOCKED,REVERSE
2026-04-02,Pharma vs Cyclicals,"SUNPHARMA,DRREDDY","TMPV,M&M",1.297,NEUTRAL,BLOCKED,REVERSE
2026-04-03,Pharma vs Cyclicals,"SUNPHARMA,DRREDDY","TMPV,M&M",1.252,NEUTRAL,BLOCKED,REVERSE
2026-04-06,Pharma vs Cyclicals,"SUNPHARMA,DRREDDY","TMPV,M&M",1.162,NEUTRAL,BLOCKED,REVERSE
2026-04-07,Pharma vs Cyclicals,"SUNPHARMA,DRREDDY","TMPV,M&M",1.103,CAUTION,BLOCKED,REVERSE
2026-04-08,Pharma vs Cyclicals,"SUNPHARMA,DRREDDY","TMPV,M&M",0.195,EUPHORIA,BLOCKED,REVERSE
2026-04-09,Pharma vs Cyclicals,"SUNPHARMA,DRREDDY","TMPV,M&M",0.389,EUPHORIA,BLOCKED,REVERSE
2026-04-10,Pharma vs Cyclicals,"SUNPHARMA,DRREDDY","TMPV,M&M",-0.073,EUPHORIA,BLOCKED,NORMAL
2026-04-13,Pharma vs Cyclicals,"SUNPHARMA,DRREDDY","TMPV,M&M",-0.057,RISK-ON,BLOCKED,NORMAL
2026-04-14,Pharma vs Cyclicals,"SUNPHARMA,DRREDDY","TMPV,M&M",-0.071,NEUTRAL,BLOCKED,NORMAL
2026-04-15,Pharma vs Cyclicals,"SUNPHARMA,DRREDDY","TMPV,M&M",-0.275,CAUTION,BLOCKED,NORMAL
2026-04-16,Pharma vs Cyclicals,"SUNPHARMA,DRREDDY","TMPV,M&M",-0.191,CAUTION,BLOCKED,NORMAL
2026-04-17,Pharma vs Cyclicals,"SUNPHARMA,DRREDDY","TMPV,M&M",-0.219,CAUTION,BLOCKED,NORMAL
2026-04-20,Pharma vs Cyclicals,"SUNPHARMA,DRREDDY","TMPV,M&M",-0.24,NEUTRAL,BLOCKED,NORMAL
2026-04-21,Pharma vs Cyclicals,"SUNPHARMA,DRREDDY","TMPV,M&M",-0.384,CAUTION,BLOCKED,NORMAL
2026-04-22,Pharma vs Cyclicals,"SUNPHARMA,DRREDDY","TMPV,M&M",-0.317,CAUTION,BLOCKED,NORMAL
2026-04-23,Pharma vs Cyclicals,"SUNPHARMA,DRREDDY","TMPV,M&M",-0.335,NEUTRAL,BLOCKED,NORMAL
2026-02-24,PSU Commodity vs Banks,"ONGC,COALINDIA","HDFCBANK,ICICIBANK",1.896,EUPHORIA,BLOCKED,REVERSE
2026-02-25,PSU Commodity vs Banks,"ONGC,COALINDIA","HDFCBANK,ICICIBANK",1.918,NEUTRAL,BLOCKED,REVERSE
2026-02-26,PSU Commodity vs Banks,"ONGC,COALINDIA","HDFCBANK,ICICIBANK",1.87,CAUTION,BLOCKED,REVERSE
2026-02-27,PSU Commodity vs Banks,"ONGC,COALINDIA","HDFCBANK,ICICIBANK",1.96,RISK-OFF,BLOCKED,REVERSE
2026-03-02,PSU Commodity vs Banks,"ONGC,COALINDIA","HDFCBANK,ICICIBANK",1.967,CAUTION,BLOCKED,REVERSE
2026-03-03,PSU Commodity vs Banks,"ONGC,COALINDIA","HDFCBANK,ICICIBANK",1.882,RISK-OFF,BLOCKED,REVERSE
2026-03-04,PSU Commodity vs Banks,"ONGC,COALINDIA","HDFCBANK,ICICIBANK",2.032,EUPHORIA,OPEN,REVERSE
2026-03-05,PSU Commodity vs Banks,"ONGC,COALINDIA","HDFCBANK,ICICIBANK",2.128,RISK-OFF,OPEN,REVERSE
2026-03-06,PSU Commodity vs Banks,"ONGC,COALINDIA","HDFCBANK,ICICIBANK",2.366,RISK-OFF,OPEN,REVERSE
2026-03-09,PSU Commodity vs Banks,"ONGC,COALINDIA","HDFCBANK,ICICIBANK",2.312,EUPHORIA,OPEN,REVERSE
2026-03-10,PSU Commodity vs Banks,"ONGC,COALINDIA","HDFCBANK,ICICIBANK",1.996,RISK-ON,BLOCKED,REVERSE
2026-03-11,PSU Commodity vs Banks,"ONGC,COALINDIA","HDFCBANK,ICICIBANK",2.206,CAUTION,OPEN,REVERSE
2026-03-12,PSU Commodity vs Banks,"ONGC,COALINDIA","HDFCBANK,ICICIBANK",2.582,RISK-OFF,OPEN,REVERSE
2026-03-13,PSU Commodity vs Banks,"ONGC,COALINDIA","HDFCBANK,ICICIBANK",2.416,NEUTRAL,OPEN,REVERSE
2026-03-16,PSU Commodity vs Banks,"ONGC,COALINDIA","HDFCBANK,ICICIBANK",1.856,EUPHORIA,BLOCKED,REVERSE
2026-03-17,PSU Commodity vs Banks,"ONGC,COALINDIA","HDFCBANK,ICICIBANK",1.802,RISK-ON,BLOCKED,REVERSE
2026-03-18,PSU Commodity vs Banks,"ONGC,COALINDIA","HDFCBANK,ICICIBANK",1.662,RISK-OFF,BLOCKED,REVERSE
2026-03-19,PSU Commodity vs Banks,"ONGC,COALINDIA","HDFCBANK,ICICIBANK",2.208,RISK-ON,OPEN,REVERSE
2026-03-20,PSU Commodity vs Banks,"ONGC,COALINDIA","HDFCBANK,ICICIBANK",2.367,RISK-OFF,OPEN,REVERSE
2026-03-23,PSU Commodity vs Banks,"ONGC,COALINDIA","HDFCBANK,ICICIBANK",2.468,EUPHORIA,OPEN,REVERSE
2026-03-24,PSU Commodity vs Banks,"ONGC,COALINDIA","HDFCBANK,ICICIBANK",1.936,CAUTION,BLOCKED,REVERSE
2026-03-25,PSU Commodity vs Banks,"ONGC,COALINDIA","HDFCBANK,ICICIBANK",1.758,RISK-ON,BLOCKED,REVERSE
2026-03-26,PSU Commodity vs Banks,"ONGC,COALINDIA","HDFCBANK,ICICIBANK",1.695,CAUTION,BLOCKED,REVERSE
2026-03-27,PSU Commodity vs Banks,"ONGC,COALINDIA","HDFCBANK,ICICIBANK",2.254,RISK-OFF,OPEN,REVERSE
2026-03-30,PSU Commodity vs Banks,"ONGC,COALINDIA","HDFCBANK,ICICIBANK",2.573,EUPHORIA,OPEN,REVERSE
2026-03-31,PSU Commodity vs Banks,"ONGC,COALINDIA","HDFCBANK,ICICIBANK",2.421,EUPHORIA,OPEN,REVERSE
2026-04-01,PSU Commodity vs Banks,"ONGC,COALINDIA","HDFCBANK,ICICIBANK",2.365,RISK-ON,OPEN,REVERSE
2026-04-02,PSU Commodity vs Banks,"ONGC,COALINDIA","HDFCBANK,ICICIBANK",2.153,NEUTRAL,OPEN,REVERSE
2026-04-03,PSU Commodity vs Banks,"ONGC,COALINDIA","HDFCBANK,ICICIBANK",2.047,NEUTRAL,OPEN,REVERSE
2026-04-06,PSU Commodity vs Banks,"ONGC,COALINDIA","HDFCBANK,ICICIBANK",1.868,NEUTRAL,BLOCKED,REVERSE
2026-04-07,PSU Commodity vs Banks,"ONGC,COALINDIA","HDFCBANK,ICICIBANK",1.848,CAUTION,BLOCKED,REVERSE
2026-04-08,PSU Commodity vs Banks,"ONGC,COALINDIA","HDFCBANK,ICICIBANK",1.089,EUPHORIA,BLOCKED,REVERSE
2026-04-09,PSU Commodity vs Banks,"ONGC,COALINDIA","HDFCBANK,ICICIBANK",1.378,EUPHORIA,BLOCKED,REVERSE
2026-04-10,PSU Commodity vs Banks,"ONGC,COALINDIA","HDFCBANK,ICICIBANK",0.847,EUPHORIA,BLOCKED,REVERSE
2026-04-13,PSU Commodity vs Banks,"ONGC,COALINDIA","HDFCBANK,ICICIBANK",0.837,RISK-ON,BLOCKED,REVERSE
2026-04-14,PSU Commodity vs Banks,"ONGC,COALINDIA","HDFCBANK,ICICIBANK",0.809,NEUTRAL,BLOCKED,REVERSE
2026-04-15,PSU Commodity vs Banks,"ONGC,COALINDIA","HDFCBANK,ICICIBANK",0.733,CAUTION,BLOCKED,REVERSE
2026-04-16,PSU Commodity vs Banks,"ONGC,COALINDIA","HDFCBANK,ICICIBANK",0.686,CAUTION,BLOCKED,REVERSE
2026-04-17,PSU Commodity vs Banks,"ONGC,COALINDIA","HDFCBANK,ICICIBANK",0.721,CAUTION,BLOCKED,REVERSE
2026-04-20,PSU Commodity vs Banks,"ONGC,COALINDIA","HDFCBANK,ICICIBANK",0.711,NEUTRAL,BLOCKED,REVERSE
2026-04-21,PSU Commodity vs Banks,"ONGC,COALINDIA","HDFCBANK,ICICIBANK",0.463,CAUTION,BLOCKED,REVERSE
2026-04-22,PSU Commodity vs Banks,"ONGC,COALINDIA","HDFCBANK,ICICIBANK",0.623,CAUTION,BLOCKED,REVERSE
2026-04-23,PSU Commodity vs Banks,"ONGC,COALINDIA","HDFCBANK,ICICIBANK",0.598,NEUTRAL,BLOCKED,REVERSE
2026-02-24,Defence vs Auto,"HAL,BEL","TMPV,MARUTI",-0.323,EUPHORIA,BLOCKED,NORMAL
2026-02-25,Defence vs Auto,"HAL,BEL","TMPV,MARUTI",-0.348,NEUTRAL,BLOCKED,NORMAL
2026-02-26,Defence vs Auto,"HAL,BEL","TMPV,MARUTI",-0.414,CAUTION,BLOCKED,NORMAL
2026-02-27,Defence vs Auto,"HAL,BEL","TMPV,MARUTI",-0.247,RISK-OFF,BLOCKED,NORMAL
2026-03-02,Defence vs Auto,"HAL,BEL","TMPV,MARUTI",0.902,CAUTION,BLOCKED,REVERSE
2026-03-03,Defence vs Auto,"HAL,BEL","TMPV,MARUTI",0.879,RISK-OFF,BLOCKED,REVERSE
2026-03-04,Defence vs Auto,"HAL,BEL","TMPV,MARUTI",1.3,EUPHORIA,BLOCKED,REVERSE
2026-03-05,Defence vs Auto,"HAL,BEL","TMPV,MARUTI",1.309,RISK-OFF,BLOCKED,REVERSE
2026-03-06,Defence vs Auto,"HAL,BEL","TMPV,MARUTI",2.276,RISK-OFF,OPEN,REVERSE
2026-03-09,Defence vs Auto,"HAL,BEL","TMPV,MARUTI",2.934,EUPHORIA,OPEN,REVERSE
2026-03-10,Defence vs Auto,"HAL,BEL","TMPV,MARUTI",2.276,RISK-ON,OPEN,REVERSE
2026-03-11,Defence vs Auto,"HAL,BEL","TMPV,MARUTI",2.421,CAUTION,OPEN,REVERSE
2026-03-12,Defence vs Auto,"HAL,BEL","TMPV,MARUTI",2.959,RISK-OFF,OPEN,REVERSE
2026-03-13,Defence vs Auto,"HAL,BEL","TMPV,MARUTI",2.806,NEUTRAL,OPEN,REVERSE
2026-03-16,Defence vs Auto,"HAL,BEL","TMPV,MARUTI",2.273,EUPHORIA,OPEN,REVERSE
2026-03-17,Defence vs Auto,"HAL,BEL","TMPV,MARUTI",2.176,RISK-ON,OPEN,REVERSE
2026-03-18,Defence vs Auto,"HAL,BEL","TMPV,MARUTI",1.933,RISK-OFF,BLOCKED,REVERSE
2026-03-19,Defence vs Auto,"HAL,BEL","TMPV,MARUTI",1.972,RISK-ON,BLOCKED,REVERSE
2026-03-20,Defence vs Auto,"HAL,BEL","TMPV,MARUTI",1.63,RISK-OFF,BLOCKED,REVERSE
2026-03-23,Defence vs Auto,"HAL,BEL","TMPV,MARUTI",1.247,EUPHORIA,BLOCKED,REVERSE
2026-03-24,Defence vs Auto,"HAL,BEL","TMPV,MARUTI",1.198,CAUTION,BLOCKED,REVERSE
2026-03-25,Defence vs Auto,"HAL,BEL","TMPV,MARUTI",0.853,RISK-ON,BLOCKED,REVERSE
2026-03-26,Defence vs Auto,"HAL,BEL","TMPV,MARUTI",0.825,CAUTION,BLOCKED,REVERSE
2026-03-27,Defence vs Auto,"HAL,BEL","TMPV,MARUTI",1.055,RISK-OFF,BLOCKED,REVERSE
2026-03-30,Defence vs Auto,"HAL,BEL","TMPV,MARUTI",0.953,EUPHORIA,BLOCKED,REVERSE
2026-03-31,Defence vs Auto,"HAL,BEL","TMPV,MARUTI",0.924,EUPHORIA,BLOCKED,REVERSE
2026-04-01,Defence vs Auto,"HAL,BEL","TMPV,MARUTI",1.372,RISK-ON,BLOCKED,REVERSE
2026-04-02,Defence vs Auto,"HAL,BEL","TMPV,MARUTI",1.334,NEUTRAL,BLOCKED,REVERSE
2026-04-03,Defence vs Auto,"HAL,BEL","TMPV,MARUTI",1.295,NEUTRAL,BLOCKED,REVERSE
2026-04-06,Defence vs Auto,"HAL,BEL","TMPV,MARUTI",1.397,NEUTRAL,BLOCKED,REVERSE
2026-04-07,Defence vs Auto,"HAL,BEL","TMPV,MARUTI",1.36,CAUTION,BLOCKED,REVERSE
2026-04-08,Defence vs Auto,"HAL,BEL","TMPV,MARUTI",0.498,EUPHORIA,BLOCKED,REVERSE
2026-04-09,Defence vs Auto,"HAL,BEL","TMPV,MARUTI",0.907,EUPHORIA,BLOCKED,REVERSE
2026-04-10,Defence vs Auto,"HAL,BEL","TMPV,MARUTI",0.786,EUPHORIA,BLOCKED,REVERSE
2026-04-13,Defence vs Auto,"HAL,BEL","TMPV,MARUTI",1.043,RISK-ON,BLOCKED,REVERSE
2026-04-14,Defence vs Auto,"HAL,BEL","TMPV,MARUTI",1.009,NEUTRAL,BLOCKED,REVERSE
2026-04-15,Defence vs Auto,"HAL,BEL","TMPV,MARUTI",0.973,CAUTION,BLOCKED,REVERSE
2026-04-16,Defence vs Auto,"HAL,BEL","TMPV,MARUTI",1.341,CAUTION,BLOCKED,REVERSE
2026-04-17,Defence vs Auto,"HAL,BEL","TMPV,MARUTI",1.308,CAUTION,BLOCKED,REVERSE
2026-04-20,Defence vs Auto,"HAL,BEL","TMPV,MARUTI",1.19,NEUTRAL,BLOCKED,REVERSE
2026-04-21,Defence vs Auto,"HAL,BEL","TMPV,MARUTI",1.055,CAUTION,BLOCKED,REVERSE
2026-04-22,Defence vs Auto,"HAL,BEL","TMPV,MARUTI",0.989,CAUTION,BLOCKED,REVERSE
2026-04-23,Defence vs Auto,"HAL,BEL","TMPV,MARUTI",0.957,NEUTRAL,BLOCKED,REVERSE
2026-02-24,PSU Energy vs Private,"ONGC,COALINDIA,OIL","RELIANCE,ADANIENT",1.383,EUPHORIA,BLOCKED,REVERSE
2026-02-25,PSU Energy vs Private,"ONGC,COALINDIA,OIL","RELIANCE,ADANIENT",1.458,NEUTRAL,BLOCKED,REVERSE
2026-02-26,PSU Energy vs Private,"ONGC,COALINDIA,OIL","RELIANCE,ADANIENT",1.399,CAUTION,BLOCKED,REVERSE
2026-02-27,PSU Energy vs Private,"ONGC,COALINDIA,OIL","RELIANCE,ADANIENT",1.504,RISK-OFF,BLOCKED,REVERSE
2026-03-02,PSU Energy vs Private,"ONGC,COALINDIA,OIL","RELIANCE,ADANIENT",1.696,CAUTION,BLOCKED,REVERSE
2026-03-03,PSU Energy vs Private,"ONGC,COALINDIA,OIL","RELIANCE,ADANIENT",1.628,RISK-OFF,BLOCKED,REVERSE
2026-03-04,PSU Energy vs Private,"ONGC,COALINDIA,OIL","RELIANCE,ADANIENT",1.827,EUPHORIA,BLOCKED,REVERSE
2026-03-05,PSU Energy vs Private,"ONGC,COALINDIA,OIL","RELIANCE,ADANIENT",1.703,RISK-OFF,BLOCKED,REVERSE
2026-03-06,PSU Energy vs Private,"ONGC,COALINDIA,OIL","RELIANCE,ADANIENT",1.65,RISK-OFF,BLOCKED,REVERSE
2026-03-09,PSU Energy vs Private,"ONGC,COALINDIA,OIL","RELIANCE,ADANIENT",1.423,EUPHORIA,BLOCKED,REVERSE
2026-03-10,PSU Energy vs Private,"ONGC,COALINDIA,OIL","RELIANCE,ADANIENT",1.484,RISK-ON,BLOCKED,REVERSE
2026-03-11,PSU Energy vs Private,"ONGC,COALINDIA,OIL","RELIANCE,ADANIENT",1.644,CAUTION,BLOCKED,REVERSE
2026-03-12,PSU Energy vs Private,"ONGC,COALINDIA,OIL","RELIANCE,ADANIENT",1.785,RISK-OFF,BLOCKED,REVERSE
2026-03-13,PSU Energy vs Private,"ONGC,COALINDIA,OIL","RELIANCE,ADANIENT",1.715,NEUTRAL,BLOCKED,REVERSE
2026-03-16,PSU Energy vs Private,"ONGC,COALINDIA,OIL","RELIANCE,ADANIENT",1.396,EUPHORIA,BLOCKED,REVERSE
2026-03-17,PSU Energy vs Private,"ONGC,COALINDIA,OIL","RELIANCE,ADANIENT",1.47,RISK-ON,BLOCKED,REVERSE
2026-03-18,PSU Energy vs Private,"ONGC,COALINDIA,OIL","RELIANCE,ADANIENT",1.214,RISK-OFF,BLOCKED,REVERSE
2026-03-19,PSU Energy vs Private,"ONGC,COALINDIA,OIL","RELIANCE,ADANIENT",1.566,RISK-ON,BLOCKED,REVERSE
2026-03-20,PSU Energy vs Private,"ONGC,COALINDIA,OIL","RELIANCE,ADANIENT",1.533,RISK-OFF,BLOCKED,REVERSE
2026-03-23,PSU Energy vs Private,"ONGC,COALINDIA,OIL","RELIANCE,ADANIENT",1.653,EUPHORIA,BLOCKED,REVERSE
2026-03-24,PSU Energy vs Private,"ONGC,COALINDIA,OIL","RELIANCE,ADANIENT",1.521,CAUTION,BLOCKED,REVERSE
2026-03-25,PSU Energy vs Private,"ONGC,COALINDIA,OIL","RELIANCE,ADANIENT",1.322,RISK-ON,BLOCKED,REVERSE
2026-03-26,PSU Energy vs Private,"ONGC,COALINDIA,OIL","RELIANCE,ADANIENT",1.29,CAUTION,BLOCKED,REVERSE
2026-03-27,PSU Energy vs Private,"ONGC,COALINDIA,OIL","RELIANCE,ADANIENT",2.075,RISK-OFF,OPEN,REVERSE
2026-03-30,PSU Energy vs Private,"ONGC,COALINDIA,OIL","RELIANCE,ADANIENT",2.382,EUPHORIA,OPEN,REVERSE
2026-03-31,PSU Energy vs Private,"ONGC,COALINDIA,OIL","RELIANCE,ADANIENT",2.289,EUPHORIA,OPEN,REVERSE
2026-04-01,PSU Energy vs Private,"ONGC,COALINDIA,OIL","RELIANCE,ADANIENT",1.948,RISK-ON,BLOCKED,REVERSE
2026-04-02,PSU Energy vs Private,"ONGC,COALINDIA,OIL","RELIANCE,ADANIENT",1.999,NEUTRAL,BLOCKED,REVERSE
2026-04-03,PSU Energy vs Private,"ONGC,COALINDIA,OIL","RELIANCE,ADANIENT",1.936,NEUTRAL,BLOCKED,REVERSE
2026-04-06,PSU Energy vs Private,"ONGC,COALINDIA,OIL","RELIANCE,ADANIENT",1.947,NEUTRAL,BLOCKED,REVERSE
2026-04-07,PSU Energy vs Private,"ONGC,COALINDIA,OIL","RELIANCE,ADANIENT",2.114,CAUTION,OPEN,REVERSE
2026-04-08,PSU Energy vs Private,"ONGC,COALINDIA,OIL","RELIANCE,ADANIENT",1.102,EUPHORIA,BLOCKED,REVERSE
2026-04-09,PSU Energy vs Private,"ONGC,COALINDIA,OIL","RELIANCE,ADANIENT",1.305,EUPHORIA,BLOCKED,REVERSE
2026-04-10,PSU Energy vs Private,"ONGC,COALINDIA,OIL","RELIANCE,ADANIENT",0.694,EUPHORIA,BLOCKED,REVERSE
2026-04-13,PSU Energy vs Private,"ONGC,COALINDIA,OIL","RELIANCE,ADANIENT",0.75,RISK-ON,BLOCKED,REVERSE
2026-04-14,PSU Energy vs Private,"ONGC,COALINDIA,OIL","RELIANCE,ADANIENT",0.725,NEUTRAL,BLOCKED,REVERSE
2026-04-15,PSU Energy vs Private,"ONGC,COALINDIA,OIL","RELIANCE,ADANIENT",0.54,CAUTION,BLOCKED,REVERSE
2026-04-16,PSU Energy vs Private,"ONGC,COALINDIA,OIL","RELIANCE,ADANIENT",0.164,CAUTION,BLOCKED,REVERSE
2026-04-17,PSU Energy vs Private,"ONGC,COALINDIA,OIL","RELIANCE,ADANIENT",0.11,CAUTION,BLOCKED,REVERSE
2026-04-20,PSU Energy vs Private,"ONGC,COALINDIA,OIL","RELIANCE,ADANIENT",0.089,NEUTRAL,BLOCKED,REVERSE
2026-04-21,PSU Energy vs Private,"ONGC,COALINDIA,OIL","RELIANCE,ADANIENT",0.146,CAUTION,BLOCKED,REVERSE
2026-04-22,PSU Energy vs Private,"ONGC,COALINDIA,OIL","RELIANCE,ADANIENT",-0.012,CAUTION,BLOCKED,NORMAL
2026-04-23,PSU Energy vs Private,"ONGC,COALINDIA,OIL","RELIANCE,ADANIENT",-0.037,NEUTRAL,BLOCKED,NORMAL
2026-02-24,Pharma vs Banks,"SUNPHARMA,DRREDDY","HDFCBANK,ICICIBANK",2.428,EUPHORIA,OPEN,REVERSE
2026-02-25,Pharma vs Banks,"SUNPHARMA,DRREDDY","HDFCBANK,ICICIBANK",2.639,NEUTRAL,OPEN,REVERSE
2026-02-26,Pharma vs Banks,"SUNPHARMA,DRREDDY","HDFCBANK,ICICIBANK",3.086,CAUTION,OPEN,REVERSE
2026-02-27,Pharma vs Banks,"SUNPHARMA,DRREDDY","HDFCBANK,ICICIBANK",2.389,RISK-OFF,OPEN,REVERSE
2026-03-02,Pharma vs Banks,"SUNPHARMA,DRREDDY","HDFCBANK,ICICIBANK",2.802,CAUTION,OPEN,REVERSE
2026-03-03,Pharma vs Banks,"SUNPHARMA,DRREDDY","HDFCBANK,ICICIBANK",2.603,RISK-OFF,OPEN,REVERSE
2026-03-04,Pharma vs Banks,"SUNPHARMA,DRREDDY","HDFCBANK,ICICIBANK",2.878,EUPHORIA,OPEN,REVERSE
2026-03-05,Pharma vs Banks,"SUNPHARMA,DRREDDY","HDFCBANK,ICICIBANK",3.2,RISK-OFF,OPEN,REVERSE
2026-03-06,Pharma vs Banks,"SUNPHARMA,DRREDDY","HDFCBANK,ICICIBANK",3.829,RISK-OFF,OPEN,REVERSE
2026-03-09,Pharma vs Banks,"SUNPHARMA,DRREDDY","HDFCBANK,ICICIBANK",3.913,EUPHORIA,OPEN,REVERSE
2026-03-10,Pharma vs Banks,"SUNPHARMA,DRREDDY","HDFCBANK,ICICIBANK",3.281,RISK-ON,OPEN,REVERSE
2026-03-11,Pharma vs Banks,"SUNPHARMA,DRREDDY","HDFCBANK,ICICIBANK",3.529,CAUTION,OPEN,REVERSE
2026-03-12,Pharma vs Banks,"SUNPHARMA,DRREDDY","HDFCBANK,ICICIBANK",3.352,RISK-OFF,OPEN,REVERSE
2026-03-13,Pharma vs Banks,"SUNPHARMA,DRREDDY","HDFCBANK,ICICIBANK",2.976,NEUTRAL,OPEN,REVERSE
2026-03-16,Pharma vs Banks,"SUNPHARMA,DRREDDY","HDFCBANK,ICICIBANK",2.135,EUPHORIA,OPEN,REVERSE
2026-03-17,Pharma vs Banks,"SUNPHARMA,DRREDDY","HDFCBANK,ICICIBANK",1.969,RISK-ON,BLOCKED,REVERSE
2026-03-18,Pharma vs Banks,"SUNPHARMA,DRREDDY","HDFCBANK,ICICIBANK",1.89,RISK-OFF,BLOCKED,REVERSE
2026-03-19,Pharma vs Banks,"SUNPHARMA,DRREDDY","HDFCBANK,ICICIBANK",2.224,RISK-ON,OPEN,REVERSE
2026-03-20,Pharma vs Banks,"SUNPHARMA,DRREDDY","HDFCBANK,ICICIBANK",2.61,RISK-OFF,OPEN,REVERSE
2026-03-23,Pharma vs Banks,"SUNPHARMA,DRREDDY","HDFCBANK,ICICIBANK",2.579,EUPHORIA,OPEN,REVERSE
2026-03-24,Pharma vs Banks,"SUNPHARMA,DRREDDY","HDFCBANK,ICICIBANK",2.054,CAUTION,OPEN,REVERSE
2026-03-25,Pharma vs Banks,"SUNPHARMA,DRREDDY","HDFCBANK,ICICIBANK",2.135,RISK-ON,OPEN,REVERSE
2026-03-26,Pharma vs Banks,"SUNPHARMA,DRREDDY","HDFCBANK,ICICIBANK",2.02,CAUTION,OPEN,REVERSE
2026-03-27,Pharma vs Banks,"SUNPHARMA,DRREDDY","HDFCBANK,ICICIBANK",2.284,RISK-OFF,OPEN,REVERSE
2026-03-30,Pharma vs Banks,"SUNPHARMA,DRREDDY","HDFCBANK,ICICIBANK",2.245,EUPHORIA,OPEN,REVERSE
2026-03-31,Pharma vs Banks,"SUNPHARMA,DRREDDY","HDFCBANK,ICICIBANK",2.117,EUPHORIA,OPEN,REVERSE
2026-04-01,Pharma vs Banks,"SUNPHARMA,DRREDDY","HDFCBANK,ICICIBANK",1.658,RISK-ON,BLOCKED,REVERSE
2026-04-02,Pharma vs Banks,"SUNPHARMA,DRREDDY","HDFCBANK,ICICIBANK",1.416,NEUTRAL,BLOCKED,REVERSE
2026-04-03,Pharma vs Banks,"SUNPHARMA,DRREDDY","HDFCBANK,ICICIBANK",1.364,NEUTRAL,BLOCKED,REVERSE
2026-04-06,Pharma vs Banks,"SUNPHARMA,DRREDDY","HDFCBANK,ICICIBANK",1.133,NEUTRAL,BLOCKED,REVERSE
2026-04-07,Pharma vs Banks,"SUNPHARMA,DRREDDY","HDFCBANK,ICICIBANK",0.993,CAUTION,BLOCKED,REVERSE
2026-04-08,Pharma vs Banks,"SUNPHARMA,DRREDDY","HDFCBANK,ICICIBANK",0.292,EUPHORIA,BLOCKED,REVERSE
2026-04-09,Pharma vs Banks,"SUNPHARMA,DRREDDY","HDFCBANK,ICICIBANK",0.656,EUPHORIA,BLOCKED,REVERSE
2026-04-10,Pharma vs Banks,"SUNPHARMA,DRREDDY","HDFCBANK,ICICIBANK",0.225,EUPHORIA,BLOCKED,REVERSE
2026-04-13,Pharma vs Banks,"SUNPHARMA,DRREDDY","HDFCBANK,ICICIBANK",0.201,RISK-ON,BLOCKED,REVERSE
2026-04-14,Pharma vs Banks,"SUNPHARMA,DRREDDY","HDFCBANK,ICICIBANK",0.183,NEUTRAL,BLOCKED,REVERSE
2026-04-15,Pharma vs Banks,"SUNPHARMA,DRREDDY","HDFCBANK,ICICIBANK",0.153,CAUTION,BLOCKED,REVERSE
2026-04-16,Pharma vs Banks,"SUNPHARMA,DRREDDY","HDFCBANK,ICICIBANK",0.262,CAUTION,BLOCKED,REVERSE
2026-04-17,Pharma vs Banks,"SUNPHARMA,DRREDDY","HDFCBANK,ICICIBANK",0.206,CAUTION,BLOCKED,REVERSE
2026-04-20,Pharma vs Banks,"SUNPHARMA,DRREDDY","HDFCBANK,ICICIBANK",0.134,NEUTRAL,BLOCKED,REVERSE
2026-04-21,Pharma vs Banks,"SUNPHARMA,DRREDDY","HDFCBANK,ICICIBANK",-0.252,CAUTION,BLOCKED,NORMAL
2026-04-22,Pharma vs Banks,"SUNPHARMA,DRREDDY","HDFCBANK,ICICIBANK",-0.08,CAUTION,BLOCKED,NORMAL
2026-04-23,Pharma vs Banks,"SUNPHARMA,DRREDDY","HDFCBANK,ICICIBANK",-0.109,NEUTRAL,BLOCKED,NORMAL
2026-02-24,Banks vs IT,"HDFCBANK,ICICIBANK","TCS,INFY,WIPRO",3.004,EUPHORIA,OPEN,REVERSE
2026-02-25,Banks vs IT,"HDFCBANK,ICICIBANK","TCS,INFY,WIPRO",2.607,NEUTRAL,OPEN,REVERSE
2026-02-26,Banks vs IT,"HDFCBANK,ICICIBANK","TCS,INFY,WIPRO",2.375,CAUTION,OPEN,REVERSE
2026-02-27,Banks vs IT,"HDFCBANK,ICICIBANK","TCS,INFY,WIPRO",1.987,RISK-OFF,BLOCKED,REVERSE
2026-03-02,Banks vs IT,"HDFCBANK,ICICIBANK","TCS,INFY,WIPRO",1.943,CAUTION,BLOCKED,REVERSE
2026-03-03,Banks vs IT,"HDFCBANK,ICICIBANK","TCS,INFY,WIPRO",1.851,RISK-OFF,BLOCKED,REVERSE
2026-03-04,Banks vs IT,"HDFCBANK,ICICIBANK","TCS,INFY,WIPRO",1.773,EUPHORIA,BLOCKED,REVERSE
2026-03-05,Banks vs IT,"HDFCBANK,ICICIBANK","TCS,INFY,WIPRO",1.747,RISK-OFF,BLOCKED,REVERSE
2026-03-06,Banks vs IT,"HDFCBANK,ICICIBANK","TCS,INFY,WIPRO",1.328,RISK-OFF,BLOCKED,REVERSE
2026-03-09,Banks vs IT,"HDFCBANK,ICICIBANK","TCS,INFY,WIPRO",0.935,EUPHORIA,BLOCKED,REVERSE
2026-03-10,Banks vs IT,"HDFCBANK,ICICIBANK","TCS,INFY,WIPRO",1.186,RISK-ON,BLOCKED,REVERSE
2026-03-11,Banks vs IT,"HDFCBANK,ICICIBANK","TCS,INFY,WIPRO",1.064,CAUTION,BLOCKED,REVERSE
2026-03-12,Banks vs IT,"HDFCBANK,ICICIBANK","TCS,INFY,WIPRO",0.95,RISK-OFF,BLOCKED,REVERSE
2026-03-13,Banks vs IT,"HDFCBANK,ICICIBANK","TCS,INFY,WIPRO",0.959,NEUTRAL,BLOCKED,REVERSE
2026-03-16,Banks vs IT,"HDFCBANK,ICICIBANK","TCS,INFY,WIPRO",1.252,EUPHORIA,BLOCKED,REVERSE
2026-03-17,Banks vs IT,"HDFCBANK,ICICIBANK","TCS,INFY,WIPRO",1.492,RISK-ON,BLOCKED,REVERSE
2026-03-18,Banks vs IT,"HDFCBANK,ICICIBANK","TCS,INFY,WIPRO",1.16,RISK-OFF,BLOCKED,REVERSE
2026-03-19,Banks vs IT,"HDFCBANK,ICICIBANK","TCS,INFY,WIPRO",1.019,RISK-ON,BLOCKED,REVERSE
2026-03-20,Banks vs IT,"HDFCBANK,ICICIBANK","TCS,INFY,WIPRO",0.59,RISK-OFF,BLOCKED,REVERSE
2026-03-23,Banks vs IT,"HDFCBANK,ICICIBANK","TCS,INFY,WIPRO",0.235,EUPHORIA,BLOCKED,REVERSE
2026-03-24,Banks vs IT,"HDFCBANK,ICICIBANK","TCS,INFY,WIPRO",0.41,CAUTION,BLOCKED,REVERSE
2026-03-25,Banks vs IT,"HDFCBANK,ICICIBANK","TCS,INFY,WIPRO",0.604,RISK-ON,BLOCKED,REVERSE
2026-03-26,Banks vs IT,"HDFCBANK,ICICIBANK","TCS,INFY,WIPRO",0.58,CAUTION,BLOCKED,REVERSE
2026-03-27,Banks vs IT,"HDFCBANK,ICICIBANK","TCS,INFY,WIPRO",0.178,RISK-OFF,BLOCKED,REVERSE
2026-03-30,Banks vs IT,"HDFCBANK,ICICIBANK","TCS,INFY,WIPRO",0.006,EUPHORIA,BLOCKED,REVERSE
2026-03-31,Banks vs IT,"HDFCBANK,ICICIBANK","TCS,INFY,WIPRO",-0.011,EUPHORIA,BLOCKED,NORMAL
2026-04-01,Banks vs IT,"HDFCBANK,ICICIBANK","TCS,INFY,WIPRO",-0.139,RISK-ON,BLOCKED,NORMAL
2026-04-02,Banks vs IT,"HDFCBANK,ICICIBANK","TCS,INFY,WIPRO",-0.315,NEUTRAL,BLOCKED,NORMAL
2026-04-03,Banks vs IT,"HDFCBANK,ICICIBANK","TCS,INFY,WIPRO",-0.333,NEUTRAL,BLOCKED,NORMAL
2026-04-06,Banks vs IT,"HDFCBANK,ICICIBANK","TCS,INFY,WIPRO",-0.185,NEUTRAL,BLOCKED,NORMAL
2026-04-07,Banks vs IT,"HDFCBANK,ICICIBANK","TCS,INFY,WIPRO",-0.516,CAUTION,BLOCKED,NORMAL
2026-04-08,Banks vs IT,"HDFCBANK,ICICIBANK","TCS,INFY,WIPRO",0.165,EUPHORIA,BLOCKED,REVERSE
2026-04-09,Banks vs IT,"HDFCBANK,ICICIBANK","TCS,INFY,WIPRO",-0.159,EUPHORIA,BLOCKED,NORMAL
2026-04-10,Banks vs IT,"HDFCBANK,ICICIBANK","TCS,INFY,WIPRO",0.368,EUPHORIA,BLOCKED,REVERSE
2026-04-13,Banks vs IT,"HDFCBANK,ICICIBANK","TCS,INFY,WIPRO",0.564,RISK-ON,BLOCKED,REVERSE
2026-04-14,Banks vs IT,"HDFCBANK,ICICIBANK","TCS,INFY,WIPRO",0.539,NEUTRAL,BLOCKED,REVERSE
2026-04-15,Banks vs IT,"HDFCBANK,ICICIBANK","TCS,INFY,WIPRO",0.237,CAUTION,BLOCKED,REVERSE
2026-04-16,Banks vs IT,"HDFCBANK,ICICIBANK","TCS,INFY,WIPRO",-0.038,CAUTION,BLOCKED,NORMAL
2026-04-17,Banks vs IT,"HDFCBANK,ICICIBANK","TCS,INFY,WIPRO",0.123,CAUTION,BLOCKED,REVERSE
2026-04-20,Banks vs IT,"HDFCBANK,ICICIBANK","TCS,INFY,WIPRO",0.183,NEUTRAL,BLOCKED,REVERSE
2026-04-21,Banks vs IT,"HDFCBANK,ICICIBANK","TCS,INFY,WIPRO",0.366,CAUTION,BLOCKED,REVERSE
2026-04-22,Banks vs IT,"HDFCBANK,ICICIBANK","TCS,INFY,WIPRO",0.462,CAUTION,BLOCKED,REVERSE
2026-04-23,Banks vs IT,"HDFCBANK,ICICIBANK","TCS,INFY,WIPRO",0.437,NEUTRAL,BLOCKED,REVERSE
2026-02-24,EV Plays vs ICE Auto,"TMPV,M&M",MARUTI,1.317,EUPHORIA,BLOCKED,REVERSE
2026-02-25,EV Plays vs ICE Auto,"TMPV,M&M",MARUTI,1.374,NEUTRAL,BLOCKED,REVERSE
2026-02-26,EV Plays vs ICE Auto,"TMPV,M&M",MARUTI,1.38,CAUTION,BLOCKED,REVERSE
2026-02-27,EV Plays vs ICE Auto,"TMPV,M&M",MARUTI,1.329,RISK-OFF,BLOCKED,REVERSE
2026-03-02,EV Plays vs ICE Auto,"TMPV,M&M",MARUTI,1.423,CAUTION,BLOCKED,REVERSE
2026-03-03,EV Plays vs ICE Auto,"TMPV,M&M",MARUTI,1.372,RISK-OFF,BLOCKED,REVERSE
2026-03-04,EV Plays vs ICE Auto,"TMPV,M&M",MARUTI,0.943,EUPHORIA,BLOCKED,REVERSE
2026-03-05,EV Plays vs ICE Auto,"TMPV,M&M",MARUTI,0.923,RISK-OFF,BLOCKED,REVERSE
2026-03-06,EV Plays vs ICE Auto,"TMPV,M&M",MARUTI,1.081,RISK-OFF,BLOCKED,REVERSE
2026-03-09,EV Plays vs ICE Auto,"TMPV,M&M",MARUTI,0.994,EUPHORIA,BLOCKED,REVERSE
2026-03-10,EV Plays vs ICE Auto,"TMPV,M&M",MARUTI,1.151,RISK-ON,BLOCKED,REVERSE
2026-03-11,EV Plays vs ICE Auto,"TMPV,M&M",MARUTI,0.979,CAUTION,BLOCKED,REVERSE
2026-03-12,EV Plays vs ICE Auto,"TMPV,M&M",MARUTI,0.912,RISK-OFF,BLOCKED,REVERSE
2026-03-13,EV Plays vs ICE Auto,"TMPV,M&M",MARUTI,0.875,NEUTRAL,BLOCKED,REVERSE
2026-03-16,EV Plays vs ICE Auto,"TMPV,M&M",MARUTI,0.945,EUPHORIA,BLOCKED,REVERSE
2026-03-17,EV Plays vs ICE Auto,"TMPV,M&M",MARUTI,1.032,RISK-ON,BLOCKED,REVERSE
2026-03-18,EV Plays vs ICE Auto,"TMPV,M&M",MARUTI,1.328,RISK-OFF,BLOCKED,REVERSE
2026-03-19,EV Plays vs ICE Auto,"TMPV,M&M",MARUTI,0.956,RISK-ON,BLOCKED,REVERSE
2026-03-20,EV Plays vs ICE Auto,"TMPV,M&M",MARUTI,1.148,RISK-OFF,BLOCKED,REVERSE
2026-03-23,EV Plays vs ICE Auto,"TMPV,M&M",MARUTI,0.848,EUPHORIA,BLOCKED,REVERSE
2026-03-24,EV Plays vs ICE Auto,"TMPV,M&M",MARUTI,1.1,CAUTION,BLOCKED,REVERSE
2026-03-25,EV Plays vs ICE Auto,"TMPV,M&M",MARUTI,1.212,RISK-ON,BLOCKED,REVERSE
2026-03-26,EV Plays vs ICE Auto,"TMPV,M&M",MARUTI,1.177,CAUTION,BLOCKED,REVERSE
2026-03-27,EV Plays vs ICE Auto,"TMPV,M&M",MARUTI,0.918,RISK-OFF,BLOCKED,REVERSE
2026-03-30,EV Plays vs ICE Auto,"TMPV,M&M",MARUTI,0.472,EUPHORIA,BLOCKED,REVERSE
2026-03-31,EV Plays vs ICE Auto,"TMPV,M&M",MARUTI,0.447,EUPHORIA,BLOCKED,REVERSE
2026-04-01,EV Plays vs ICE Auto,"TMPV,M&M",MARUTI,0.617,RISK-ON,BLOCKED,REVERSE
2026-04-02,EV Plays vs ICE Auto,"TMPV,M&M",MARUTI,0.314,NEUTRAL,BLOCKED,REVERSE
2026-04-03,EV Plays vs ICE Auto,"TMPV,M&M",MARUTI,0.291,NEUTRAL,BLOCKED,REVERSE
2026-04-06,EV Plays vs ICE Auto,"TMPV,M&M",MARUTI,0.379,NEUTRAL,BLOCKED,REVERSE
2026-04-07,EV Plays vs ICE Auto,"TMPV,M&M",MARUTI,0.146,CAUTION,BLOCKED,REVERSE
2026-04-08,EV Plays vs ICE Auto,"TMPV,M&M",MARUTI,0.41,EUPHORIA,BLOCKED,REVERSE
2026-04-09,EV Plays vs ICE Auto,"TMPV,M&M",MARUTI,0.183,EUPHORIA,BLOCKED,REVERSE
2026-04-10,EV Plays vs ICE Auto,"TMPV,M&M",MARUTI,0.651,EUPHORIA,BLOCKED,REVERSE
2026-04-13,EV Plays vs ICE Auto,"TMPV,M&M",MARUTI,1.826,RISK-ON,BLOCKED,REVERSE
2026-04-14,EV Plays vs ICE Auto,"TMPV,M&M",MARUTI,1.788,NEUTRAL,BLOCKED,REVERSE
2026-04-15,EV Plays vs ICE Auto,"TMPV,M&M",MARUTI,1.978,CAUTION,BLOCKED,REVERSE
2026-04-16,EV Plays vs ICE Auto,"TMPV,M&M",MARUTI,1.653,CAUTION,BLOCKED,REVERSE
2026-04-17,EV Plays vs ICE Auto,"TMPV,M&M",MARUTI,1.444,CAUTION,BLOCKED,REVERSE
2026-04-20,EV Plays vs ICE Auto,"TMPV,M&M",MARUTI,1.348,NEUTRAL,BLOCKED,REVERSE
2026-04-21,EV Plays vs ICE Auto,"TMPV,M&M",MARUTI,1.415,CAUTION,BLOCKED,REVERSE
2026-04-22,EV Plays vs ICE Auto,"TMPV,M&M",MARUTI,1.494,CAUTION,BLOCKED,REVERSE
2026-04-23,EV Plays vs ICE Auto,"TMPV,M&M",MARUTI,1.528,NEUTRAL,BLOCKED,REVERSE
2026-02-24,Infra Capex Beneficiaries,"ULTRACEMCO,AMBUJACEM",ADANIENT,0.21,EUPHORIA,BLOCKED,REVERSE
2026-02-25,Infra Capex Beneficiaries,"ULTRACEMCO,AMBUJACEM",ADANIENT,-0.266,NEUTRAL,BLOCKED,NORMAL
2026-02-26,Infra Capex Beneficiaries,"ULTRACEMCO,AMBUJACEM",ADANIENT,-0.202,CAUTION,BLOCKED,NORMAL
2026-02-27,Infra Capex Beneficiaries,"ULTRACEMCO,AMBUJACEM",ADANIENT,-0.148,RISK-OFF,BLOCKED,NORMAL
2026-03-02,Infra Capex Beneficiaries,"ULTRACEMCO,AMBUJACEM",ADANIENT,-0.127,CAUTION,BLOCKED,NORMAL
2026-03-03,Infra Capex Beneficiaries,"ULTRACEMCO,AMBUJACEM",ADANIENT,-0.14,RISK-OFF,BLOCKED,NORMAL
2026-03-04,Infra Capex Beneficiaries,"ULTRACEMCO,AMBUJACEM",ADANIENT,-0.33,EUPHORIA,BLOCKED,NORMAL
2026-03-05,Infra Capex Beneficiaries,"ULTRACEMCO,AMBUJACEM",ADANIENT,-0.239,RISK-OFF,BLOCKED,NORMAL
2026-03-06,Infra Capex Beneficiaries,"ULTRACEMCO,AMBUJACEM",ADANIENT,-0.311,RISK-OFF,BLOCKED,NORMAL
2026-03-09,Infra Capex Beneficiaries,"ULTRACEMCO,AMBUJACEM",ADANIENT,-0.82,EUPHORIA,BLOCKED,NORMAL
2026-03-10,Infra Capex Beneficiaries,"ULTRACEMCO,AMBUJACEM",ADANIENT,-0.295,RISK-ON,BLOCKED,NORMAL
2026-03-11,Infra Capex Beneficiaries,"ULTRACEMCO,AMBUJACEM",ADANIENT,-0.373,CAUTION,BLOCKED,NORMAL
2026-03-12,Infra Capex Beneficiaries,"ULTRACEMCO,AMBUJACEM",ADANIENT,-1.386,RISK-OFF,BLOCKED,NORMAL
2026-03-13,Infra Capex Beneficiaries,"ULTRACEMCO,AMBUJACEM",ADANIENT,-1.964,NEUTRAL,BLOCKED,NORMAL
2026-03-16,Infra Capex Beneficiaries,"ULTRACEMCO,AMBUJACEM",ADANIENT,-1.509,EUPHORIA,BLOCKED,NORMAL
2026-03-17,Infra Capex Beneficiaries,"ULTRACEMCO,AMBUJACEM",ADANIENT,-1.31,RISK-ON,BLOCKED,NORMAL
2026-03-18,Infra Capex Beneficiaries,"ULTRACEMCO,AMBUJACEM",ADANIENT,-1.357,RISK-OFF,BLOCKED,NORMAL
2026-03-19,Infra Capex Beneficiaries,"ULTRACEMCO,AMBUJACEM",ADANIENT,-1.549,RISK-ON,BLOCKED,NORMAL
2026-03-20,Infra Capex Beneficiaries,"ULTRACEMCO,AMBUJACEM",ADANIENT,-1.294,RISK-OFF,BLOCKED,NORMAL
2026-03-23,Infra Capex Beneficiaries,"ULTRACEMCO,AMBUJACEM",ADANIENT,-1.456,EUPHORIA,BLOCKED,NORMAL
2026-03-24,Infra Capex Beneficiaries,"ULTRACEMCO,AMBUJACEM",ADANIENT,-0.49,CAUTION,BLOCKED,NORMAL
2026-03-25,Infra Capex Beneficiaries,"ULTRACEMCO,AMBUJACEM",ADANIENT,-0.489,RISK-ON,BLOCKED,NORMAL
2026-03-26,Infra Capex Beneficiaries,"ULTRACEMCO,AMBUJACEM",ADANIENT,-0.487,CAUTION,BLOCKED,NORMAL
2026-03-27,Infra Capex Beneficiaries,"ULTRACEMCO,AMBUJACEM",ADANIENT,-0.229,RISK-OFF,BLOCKED,NORMAL
2026-03-30,Infra Capex Beneficiaries,"ULTRACEMCO,AMBUJACEM",ADANIENT,0.04,EUPHORIA,BLOCKED,REVERSE
2026-03-31,Infra Capex Beneficiaries,"ULTRACEMCO,AMBUJACEM",ADANIENT,0.029,EUPHORIA,BLOCKED,REVERSE
2026-04-01,Infra Capex Beneficiaries,"ULTRACEMCO,AMBUJACEM",ADANIENT,-0.518,RISK-ON,BLOCKED,NORMAL
2026-04-02,Infra Capex Beneficiaries,"ULTRACEMCO,AMBUJACEM",ADANIENT,-0.57,NEUTRAL,BLOCKED,NORMAL
2026-04-03,Infra Capex Beneficiaries,"ULTRACEMCO,AMBUJACEM",ADANIENT,-0.575,NEUTRAL,BLOCKED,NORMAL
2026-04-06,Infra Capex Beneficiaries,"ULTRACEMCO,AMBUJACEM",ADANIENT,-0.735,NEUTRAL,BLOCKED,NORMAL
2026-04-07,Infra Capex Beneficiaries,"ULTRACEMCO,AMBUJACEM",ADANIENT,-0.764,CAUTION,BLOCKED,NORMAL
2026-04-08,Infra Capex Beneficiaries,"ULTRACEMCO,AMBUJACEM",ADANIENT,-1.251,EUPHORIA,BLOCKED,NORMAL
2026-04-09,Infra Capex Beneficiaries,"ULTRACEMCO,AMBUJACEM",ADANIENT,-1.653,EUPHORIA,BLOCKED,NORMAL
2026-04-10,Infra Capex Beneficiaries,"ULTRACEMCO,AMBUJACEM",ADANIENT,-1.674,EUPHORIA,BLOCKED,NORMAL
2026-04-13,Infra Capex Beneficiaries,"ULTRACEMCO,AMBUJACEM",ADANIENT,-2.206,RISK-ON,OPEN,NORMAL
2026-04-14,Infra Capex Beneficiaries,"ULTRACEMCO,AMBUJACEM",ADANIENT,-2.087,NEUTRAL,OPEN,NORMAL
2026-04-15,Infra Capex Beneficiaries,"ULTRACEMCO,AMBUJACEM",ADANIENT,-1.695,CAUTION,BLOCKED,NORMAL
2026-04-16,Infra Capex Beneficiaries,"ULTRACEMCO,AMBUJACEM",ADANIENT,-2.042,CAUTION,OPEN,NORMAL
2026-04-17,Infra Capex Beneficiaries,"ULTRACEMCO,AMBUJACEM",ADANIENT,-1.996,CAUTION,BLOCKED,NORMAL
2026-04-20,Infra Capex Beneficiaries,"ULTRACEMCO,AMBUJACEM",ADANIENT,-2.05,NEUTRAL,OPEN,NORMAL
2026-04-21,Infra Capex Beneficiaries,"ULTRACEMCO,AMBUJACEM",ADANIENT,-1.799,CAUTION,BLOCKED,NORMAL
2026-04-22,Infra Capex Beneficiaries,"ULTRACEMCO,AMBUJACEM",ADANIENT,-1.792,CAUTION,BLOCKED,NORMAL
2026-04-23,Infra Capex Beneficiaries,"ULTRACEMCO,AMBUJACEM",ADANIENT,-1.717,NEUTRAL,BLOCKED,NORMAL
